Soil Moisture (%),Temperature (Â°C),Humidity (%),Rubber Plant,Coleus,Polka Dot Plant,Dracaena,Polyscias
1,15,30,3,1,1,5,3
1,15,35.55555556,3,1,1,5,3
1,15,41.11111111,3,1,1,5,3
1,15,46.66666667,3,1,1,5,3
1,15,52.22222222,3,1,1,5,3
1,15,57.77777778,3,1,1,5,3
1,15,63.33333333,3,1,1,5,3
1,15,68.88888889,3,1,1,5,3
1,15,74.44444444,3,1,1,5,3
1,15,80,3,1,1,5,3
1,17.22222222,30,2,1,1,4,2
1,17.22222222,35.55555556,2,1,1,4,2
1,17.22222222,41.11111111,2,1,1,4,2
1,17.22222222,46.66666667,2,1,1,4,2
1,17.22222222,52.22222222,2,1,1,4,2
1,17.22222222,57.77777778,2,1,1,4,2
1,17.22222222,63.33333333,2,1,1,4,2
1,17.22222222,68.88888889,2,1,1,4,2
1,17.22222222,74.44444444,2,1,1,4,2
1,17.22222222,80,2,1,1,4,2
1,19.44444444,30,2,1,1,4,2
1,19.44444444,35.55555556,2,1,1,4,2
1,19.44444444,41.11111111,2,1,1,4,2
1,19.44444444,46.66666667,2,1,1,4,2
1,19.44444444,52.22222222,2,1,1,4,2
1,19.44444444,57.77777778,2,1,1,4,2
1,19.44444444,63.33333333,2,1,1,4,2
1,19.44444444,68.88888889,2,1,1,4,2
1,19.44444444,74.44444444,2,1,1,4,2
1,19.44444444,80,2,1,1,4,2
1,21.66666667,30,1,1,1,3,1
1,21.66666667,35.55555556,1,1,1,3,1
1,21.66666667,41.11111111,1,1,1,3,1
1,21.66666667,46.66666667,1,1,1,3,1
1,21.66666667,52.22222222,1,1,1,3,1
1,21.66666667,57.77777778,1,1,1,3,1
1,21.66666667,63.33333333,1,1,1,3,1
1,21.66666667,68.88888889,1,1,1,3,1
1,21.66666667,74.44444444,1,1,1,3,1
1,21.66666667,80,1,1,1,3,1
1,23.88888889,30,1,1,1,3,1
1,23.88888889,35.55555556,1,1,1,3,1
1,23.88888889,41.11111111,1,1,1,3,1
1,23.88888889,46.66666667,1,1,1,3,1
1,23.88888889,52.22222222,1,1,1,3,1
1,23.88888889,57.77777778,1,1,1,3,1
1,23.88888889,63.33333333,1,1,1,3,1
1,23.88888889,68.88888889,1,1,1,3,1
1,23.88888889,74.44444444,1,1,1,3,1
1,23.88888889,80,1,1,1,3,1
1,26.11111111,30,1,1,1,3,1
1,26.11111111,35.55555556,1,1,1,3,1
1,26.11111111,41.11111111,1,1,1,3,1
1,26.11111111,46.66666667,1,1,1,3,1
1,26.11111111,52.22222222,1,1,1,3,1
1,26.11111111,57.77777778,1,1,1,3,1
1,26.11111111,63.33333333,1,1,1,3,1
1,26.11111111,68.88888889,1,1,1,3,1
1,26.11111111,74.44444444,1,1,1,3,1
1,26.11111111,80,1,1,1,3,1
1,28.33333333,30,1,1,1,3,1
1,28.33333333,35.55555556,1,1,1,3,1
1,28.33333333,41.11111111,1,1,1,3,1
1,28.33333333,46.66666667,1,1,1,3,1
1,28.33333333,52.22222222,1,1,1,3,1
1,28.33333333,57.77777778,1,1,1,3,1
1,28.33333333,63.33333333,1,1,1,3,1
1,28.33333333,68.88888889,1,1,1,3,1
1,28.33333333,74.44444444,1,1,1,3,1
1,28.33333333,80,1,1,1,3,1
1,30.55555556,30,1,1,1,2,1
1,30.55555556,35.55555556,1,1,1,2,1
1,30.55555556,41.11111111,1,1,1,2,1
1,30.55555556,46.66666667,1,1,1,2,1
1,30.55555556,52.22222222,1,1,1,2,1
1,30.55555556,57.77777778,1,1,1,2,1
1,30.55555556,63.33333333,1,1,1,2,1
1,30.55555556,68.88888889,1,1,1,2,1
1,30.55555556,74.44444444,1,1,1,2,1
1,30.55555556,80,1,1,1,2,1
1,32.77777778,30,1,1,1,2,1
1,32.77777778,35.55555556,1,1,1,2,1
1,32.77777778,41.11111111,1,1,1,2,1
1,32.77777778,46.66666667,1,1,1,2,1
1,32.77777778,52.22222222,1,1,1,2,1
1,32.77777778,57.77777778,1,1,1,2,1
1,32.77777778,63.33333333,1,1,1,2,1
1,32.77777778,68.88888889,1,1,1,2,1
1,32.77777778,74.44444444,1,1,1,2,1
1,32.77777778,80,1,1,1,2,1
1,35,30,1,1,1,1,1
1,35,35.55555556,1,1,1,1,1
1,35,41.11111111,1,1,1,1,1
1,35,46.66666667,1,1,1,1,1
1,35,52.22222222,1,1,1,1,1
1,35,57.77777778,1,1,1,1,1
1,35,63.33333333,1,1,1,1,1
1,35,68.88888889,1,1,1,1,1
1,35,74.44444444,1,1,1,1,1
1,35,80,1,1,1,1,1
6.210526316,15,30,3,1,1,5,3
6.210526316,15,35.55555556,3,1,1,5,3
6.210526316,15,41.11111111,3,1,1,5,3
6.210526316,15,46.66666667,3,1,1,5,3
6.210526316,15,52.22222222,3,1,1,5,3
6.210526316,15,57.77777778,3,1,1,5,3
6.210526316,15,63.33333333,3,1,1,5,3
6.210526316,15,68.88888889,3,1,1,5,3
6.210526316,15,74.44444444,3,1,1,5,3
6.210526316,15,80,3,1,1,5,3
6.210526316,17.22222222,30,2,1,1,4,2
6.210526316,17.22222222,35.55555556,2,1,1,4,2
6.210526316,17.22222222,41.11111111,2,1,1,4,2
6.210526316,17.22222222,46.66666667,2,1,1,4,2
6.210526316,17.22222222,52.22222222,2,1,1,4,2
6.210526316,17.22222222,57.77777778,2,1,1,4,2
6.210526316,17.22222222,63.33333333,2,1,1,4,2
6.210526316,17.22222222,68.88888889,2,1,1,4,2
6.210526316,17.22222222,74.44444444,2,1,1,4,2
6.210526316,17.22222222,80,2,1,1,4,2
6.210526316,19.44444444,30,2,1,1,4,2
6.210526316,19.44444444,35.55555556,2,1,1,4,2
6.210526316,19.44444444,41.11111111,2,1,1,4,2
6.210526316,19.44444444,46.66666667,2,1,1,4,2
6.210526316,19.44444444,52.22222222,2,1,1,4,2
6.210526316,19.44444444,57.77777778,2,1,1,4,2
6.210526316,19.44444444,63.33333333,2,1,1,4,2
6.210526316,19.44444444,68.88888889,2,1,1,4,2
6.210526316,19.44444444,74.44444444,2,1,1,4,2
6.210526316,19.44444444,80,2,1,1,4,2
6.210526316,21.66666667,30,1,1,1,3,1
6.210526316,21.66666667,35.55555556,1,1,1,3,1
6.210526316,21.66666667,41.11111111,1,1,1,3,1
6.210526316,21.66666667,46.66666667,1,1,1,3,1
6.210526316,21.66666667,52.22222222,1,1,1,3,1
6.210526316,21.66666667,57.77777778,1,1,1,3,1
6.210526316,21.66666667,63.33333333,1,1,1,3,1
6.210526316,21.66666667,68.88888889,1,1,1,3,1
6.210526316,21.66666667,74.44444444,1,1,1,3,1
6.210526316,21.66666667,80,1,1,1,3,1
6.210526316,23.88888889,30,1,1,1,3,1
6.210526316,23.88888889,35.55555556,1,1,1,3,1
6.210526316,23.88888889,41.11111111,1,1,1,3,1
6.210526316,23.88888889,46.66666667,1,1,1,3,1
6.210526316,23.88888889,52.22222222,1,1,1,3,1
6.210526316,23.88888889,57.77777778,1,1,1,3,1
6.210526316,23.88888889,63.33333333,1,1,1,3,1
6.210526316,23.88888889,68.88888889,1,1,1,3,1
6.210526316,23.88888889,74.44444444,1,1,1,3,1
6.210526316,23.88888889,80,1,1,1,3,1
6.210526316,26.11111111,30,1,1,1,3,1
6.210526316,26.11111111,35.55555556,1,1,1,3,1
6.210526316,26.11111111,41.11111111,1,1,1,3,1
6.210526316,26.11111111,46.66666667,1,1,1,3,1
6.210526316,26.11111111,52.22222222,1,1,1,3,1
6.210526316,26.11111111,57.77777778,1,1,1,3,1
6.210526316,26.11111111,63.33333333,1,1,1,3,1
6.210526316,26.11111111,68.88888889,1,1,1,3,1
6.210526316,26.11111111,74.44444444,1,1,1,3,1
6.210526316,26.11111111,80,1,1,1,3,1
6.210526316,28.33333333,30,1,1,1,3,1
6.210526316,28.33333333,35.55555556,1,1,1,3,1
6.210526316,28.33333333,41.11111111,1,1,1,3,1
6.210526316,28.33333333,46.66666667,1,1,1,3,1
6.210526316,28.33333333,52.22222222,1,1,1,3,1
6.210526316,28.33333333,57.77777778,1,1,1,3,1
6.210526316,28.33333333,63.33333333,1,1,1,3,1
6.210526316,28.33333333,68.88888889,1,1,1,3,1
6.210526316,28.33333333,74.44444444,1,1,1,3,1
6.210526316,28.33333333,80,1,1,1,3,1
6.210526316,30.55555556,30,1,1,1,2,1
6.210526316,30.55555556,35.55555556,1,1,1,2,1
6.210526316,30.55555556,41.11111111,1,1,1,2,1
6.210526316,30.55555556,46.66666667,1,1,1,2,1
6.210526316,30.55555556,52.22222222,1,1,1,2,1
6.210526316,30.55555556,57.77777778,1,1,1,2,1
6.210526316,30.55555556,63.33333333,1,1,1,2,1
6.210526316,30.55555556,68.88888889,1,1,1,2,1
6.210526316,30.55555556,74.44444444,1,1,1,2,1
6.210526316,30.55555556,80,1,1,1,2,1
6.210526316,32.77777778,30,1,1,1,2,1
6.210526316,32.77777778,35.55555556,1,1,1,2,1
6.210526316,32.77777778,41.11111111,1,1,1,2,1
6.210526316,32.77777778,46.66666667,1,1,1,2,1
6.210526316,32.77777778,52.22222222,1,1,1,2,1
6.210526316,32.77777778,57.77777778,1,1,1,2,1
6.210526316,32.77777778,63.33333333,1,1,1,2,1
6.210526316,32.77777778,68.88888889,1,1,1,2,1
6.210526316,32.77777778,74.44444444,1,1,1,2,1
6.210526316,32.77777778,80,1,1,1,2,1
6.210526316,35,30,1,1,1,1,1
6.210526316,35,35.55555556,1,1,1,1,1
6.210526316,35,41.11111111,1,1,1,1,1
6.210526316,35,46.66666667,1,1,1,1,1
6.210526316,35,52.22222222,1,1,1,1,1
6.210526316,35,57.77777778,1,1,1,1,1
6.210526316,35,63.33333333,1,1,1,1,1
6.210526316,35,68.88888889,1,1,1,1,1
6.210526316,35,74.44444444,1,1,1,1,1
6.210526316,35,80,1,1,1,1,1
11.42105263,15,30,4,1,2,6,4
11.42105263,15,35.55555556,4,1,2,6,4
11.42105263,15,41.11111111,4,1,2,6,4
11.42105263,15,46.66666667,4,1,2,6,4
11.42105263,15,52.22222222,4,1,2,6,4
11.42105263,15,57.77777778,4,1,2,6,4
11.42105263,15,63.33333333,4,1,2,6,4
11.42105263,15,68.88888889,4,1,2,6,4
11.42105263,15,74.44444444,4,1,2,6,4
11.42105263,15,80,4,1,2,6,4
11.42105263,17.22222222,30,3,1,1,5,3
11.42105263,17.22222222,35.55555556,3,1,1,5,3
11.42105263,17.22222222,41.11111111,3,1,1,5,3
11.42105263,17.22222222,46.66666667,3,1,1,5,3
11.42105263,17.22222222,52.22222222,3,1,1,5,3
11.42105263,17.22222222,57.77777778,3,1,1,5,3
11.42105263,17.22222222,63.33333333,3,1,1,5,3
11.42105263,17.22222222,68.88888889,3,1,1,5,3
11.42105263,17.22222222,74.44444444,3,1,1,5,3
11.42105263,17.22222222,80,3,1,1,5,3
11.42105263,19.44444444,30,3,1,1,5,3
11.42105263,19.44444444,35.55555556,3,1,1,5,3
11.42105263,19.44444444,41.11111111,3,1,1,5,3
11.42105263,19.44444444,46.66666667,3,1,1,5,3
11.42105263,19.44444444,52.22222222,3,1,1,5,3
11.42105263,19.44444444,57.77777778,3,1,1,5,3
11.42105263,19.44444444,63.33333333,3,1,1,5,3
11.42105263,19.44444444,68.88888889,3,1,1,5,3
11.42105263,19.44444444,74.44444444,3,1,1,5,3
11.42105263,19.44444444,80,3,1,1,5,3
11.42105263,21.66666667,30,2,1,1,4,2
11.42105263,21.66666667,35.55555556,2,1,1,4,2
11.42105263,21.66666667,41.11111111,2,1,1,4,2
11.42105263,21.66666667,46.66666667,2,1,1,4,2
11.42105263,21.66666667,52.22222222,2,1,1,4,2
11.42105263,21.66666667,57.77777778,2,1,1,4,2
11.42105263,21.66666667,63.33333333,2,1,1,4,2
11.42105263,21.66666667,68.88888889,2,1,1,4,2
11.42105263,21.66666667,74.44444444,2,1,1,4,2
11.42105263,21.66666667,80,2,1,1,4,2
11.42105263,23.88888889,30,2,1,1,4,2
11.42105263,23.88888889,35.55555556,2,1,1,4,2
11.42105263,23.88888889,41.11111111,2,1,1,4,2
11.42105263,23.88888889,46.66666667,2,1,1,4,2
11.42105263,23.88888889,52.22222222,2,1,1,4,2
11.42105263,23.88888889,57.77777778,2,1,1,4,2
11.42105263,23.88888889,63.33333333,2,1,1,4,2
11.42105263,23.88888889,68.88888889,2,1,1,4,2
11.42105263,23.88888889,74.44444444,2,1,1,4,2
11.42105263,23.88888889,80,2,1,1,4,2
11.42105263,26.11111111,30,2,1,1,4,2
11.42105263,26.11111111,35.55555556,2,1,1,4,2
11.42105263,26.11111111,41.11111111,2,1,1,4,2
11.42105263,26.11111111,46.66666667,2,1,1,4,2
11.42105263,26.11111111,52.22222222,2,1,1,4,2
11.42105263,26.11111111,57.77777778,2,1,1,4,2
11.42105263,26.11111111,63.33333333,2,1,1,4,2
11.42105263,26.11111111,68.88888889,2,1,1,4,2
11.42105263,26.11111111,74.44444444,2,1,1,4,2
11.42105263,26.11111111,80,2,1,1,4,2
11.42105263,28.33333333,30,2,1,1,4,2
11.42105263,28.33333333,35.55555556,2,1,1,4,2
11.42105263,28.33333333,41.11111111,2,1,1,4,2
11.42105263,28.33333333,46.66666667,2,1,1,4,2
11.42105263,28.33333333,52.22222222,2,1,1,4,2
11.42105263,28.33333333,57.77777778,2,1,1,4,2
11.42105263,28.33333333,63.33333333,2,1,1,4,2
11.42105263,28.33333333,68.88888889,2,1,1,4,2
11.42105263,28.33333333,74.44444444,2,1,1,4,2
11.42105263,28.33333333,80,2,1,1,4,2
11.42105263,30.55555556,30,1,1,1,3,1
11.42105263,30.55555556,35.55555556,1,1,1,3,1
11.42105263,30.55555556,41.11111111,1,1,1,3,1
11.42105263,30.55555556,46.66666667,1,1,1,3,1
11.42105263,30.55555556,52.22222222,1,1,1,3,1
11.42105263,30.55555556,57.77777778,1,1,1,3,1
11.42105263,30.55555556,63.33333333,1,1,1,3,1
11.42105263,30.55555556,68.88888889,1,1,1,3,1
11.42105263,30.55555556,74.44444444,1,1,1,3,1
11.42105263,30.55555556,80,1,1,1,3,1
11.42105263,32.77777778,30,1,1,1,3,1
11.42105263,32.77777778,35.55555556,1,1,1,3,1
11.42105263,32.77777778,41.11111111,1,1,1,3,1
11.42105263,32.77777778,46.66666667,1,1,1,3,1
11.42105263,32.77777778,52.22222222,1,1,1,3,1
11.42105263,32.77777778,57.77777778,1,1,1,3,1
11.42105263,32.77777778,63.33333333,1,1,1,3,1
11.42105263,32.77777778,68.88888889,1,1,1,3,1
11.42105263,32.77777778,74.44444444,1,1,1,3,1
11.42105263,32.77777778,80,1,1,1,3,1
11.42105263,35,30,1,1,1,2,1
11.42105263,35,35.55555556,1,1,1,2,1
11.42105263,35,41.11111111,1,1,1,2,1
11.42105263,35,46.66666667,1,1,1,2,1
11.42105263,35,52.22222222,1,1,1,2,1
11.42105263,35,57.77777778,1,1,1,2,1
11.42105263,35,63.33333333,1,1,1,2,1
11.42105263,35,68.88888889,1,1,1,2,1
11.42105263,35,74.44444444,1,1,1,2,1
11.42105263,35,80,1,1,1,2,1
16.63157895,15,30,4,1,2,6,4
16.63157895,15,35.55555556,4,1,2,6,4
16.63157895,15,41.11111111,4,1,2,6,4
16.63157895,15,46.66666667,4,1,2,6,4
16.63157895,15,52.22222222,4,1,2,6,4
16.63157895,15,57.77777778,4,1,2,6,4
16.63157895,15,63.33333333,4,1,2,6,4
16.63157895,15,68.88888889,4,1,2,6,4
16.63157895,15,74.44444444,4,1,2,6,4
16.63157895,15,80,4,1,2,6,4
16.63157895,17.22222222,30,3,1,1,5,3
16.63157895,17.22222222,35.55555556,3,1,1,5,3
16.63157895,17.22222222,41.11111111,3,1,1,5,3
16.63157895,17.22222222,46.66666667,3,1,1,5,3
16.63157895,17.22222222,52.22222222,3,1,1,5,3
16.63157895,17.22222222,57.77777778,3,1,1,5,3
16.63157895,17.22222222,63.33333333,3,1,1,5,3
16.63157895,17.22222222,68.88888889,3,1,1,5,3
16.63157895,17.22222222,74.44444444,3,1,1,5,3
16.63157895,17.22222222,80,3,1,1,5,3
16.63157895,19.44444444,30,3,1,1,5,3
16.63157895,19.44444444,35.55555556,3,1,1,5,3
16.63157895,19.44444444,41.11111111,3,1,1,5,3
16.63157895,19.44444444,46.66666667,3,1,1,5,3
16.63157895,19.44444444,52.22222222,3,1,1,5,3
16.63157895,19.44444444,57.77777778,3,1,1,5,3
16.63157895,19.44444444,63.33333333,3,1,1,5,3
16.63157895,19.44444444,68.88888889,3,1,1,5,3
16.63157895,19.44444444,74.44444444,3,1,1,5,3
16.63157895,19.44444444,80,3,1,1,5,3
16.63157895,21.66666667,30,2,1,1,4,2
16.63157895,21.66666667,35.55555556,2,1,1,4,2
16.63157895,21.66666667,41.11111111,2,1,1,4,2
16.63157895,21.66666667,46.66666667,2,1,1,4,2
16.63157895,21.66666667,52.22222222,2,1,1,4,2
16.63157895,21.66666667,57.77777778,2,1,1,4,2
16.63157895,21.66666667,63.33333333,2,1,1,4,2
16.63157895,21.66666667,68.88888889,2,1,1,4,2
16.63157895,21.66666667,74.44444444,2,1,1,4,2
16.63157895,21.66666667,80,2,1,1,4,2
16.63157895,23.88888889,30,2,1,1,4,2
16.63157895,23.88888889,35.55555556,2,1,1,4,2
16.63157895,23.88888889,41.11111111,2,1,1,4,2
16.63157895,23.88888889,46.66666667,2,1,1,4,2
16.63157895,23.88888889,52.22222222,2,1,1,4,2
16.63157895,23.88888889,57.77777778,2,1,1,4,2
16.63157895,23.88888889,63.33333333,2,1,1,4,2
16.63157895,23.88888889,68.88888889,2,1,1,4,2
16.63157895,23.88888889,74.44444444,2,1,1,4,2
16.63157895,23.88888889,80,2,1,1,4,2
16.63157895,26.11111111,30,2,1,1,4,2
16.63157895,26.11111111,35.55555556,2,1,1,4,2
16.63157895,26.11111111,41.11111111,2,1,1,4,2
16.63157895,26.11111111,46.66666667,2,1,1,4,2
16.63157895,26.11111111,52.22222222,2,1,1,4,2
16.63157895,26.11111111,57.77777778,2,1,1,4,2
16.63157895,26.11111111,63.33333333,2,1,1,4,2
16.63157895,26.11111111,68.88888889,2,1,1,4,2
16.63157895,26.11111111,74.44444444,2,1,1,4,2
16.63157895,26.11111111,80,2,1,1,4,2
16.63157895,28.33333333,30,2,1,1,4,2
16.63157895,28.33333333,35.55555556,2,1,1,4,2
16.63157895,28.33333333,41.11111111,2,1,1,4,2
16.63157895,28.33333333,46.66666667,2,1,1,4,2
16.63157895,28.33333333,52.22222222,2,1,1,4,2
16.63157895,28.33333333,57.77777778,2,1,1,4,2
16.63157895,28.33333333,63.33333333,2,1,1,4,2
16.63157895,28.33333333,68.88888889,2,1,1,4,2
16.63157895,28.33333333,74.44444444,2,1,1,4,2
16.63157895,28.33333333,80,2,1,1,4,2
16.63157895,30.55555556,30,1,1,1,3,1
16.63157895,30.55555556,35.55555556,1,1,1,3,1
16.63157895,30.55555556,41.11111111,1,1,1,3,1
16.63157895,30.55555556,46.66666667,1,1,1,3,1
16.63157895,30.55555556,52.22222222,1,1,1,3,1
16.63157895,30.55555556,57.77777778,1,1,1,3,1
16.63157895,30.55555556,63.33333333,1,1,1,3,1
16.63157895,30.55555556,68.88888889,1,1,1,3,1
16.63157895,30.55555556,74.44444444,1,1,1,3,1
16.63157895,30.55555556,80,1,1,1,3,1
16.63157895,32.77777778,30,1,1,1,3,1
16.63157895,32.77777778,35.55555556,1,1,1,3,1
16.63157895,32.77777778,41.11111111,1,1,1,3,1
16.63157895,32.77777778,46.66666667,1,1,1,3,1
16.63157895,32.77777778,52.22222222,1,1,1,3,1
16.63157895,32.77777778,57.77777778,1,1,1,3,1
16.63157895,32.77777778,63.33333333,1,1,1,3,1
16.63157895,32.77777778,68.88888889,1,1,1,3,1
16.63157895,32.77777778,74.44444444,1,1,1,3,1
16.63157895,32.77777778,80,1,1,1,3,1
16.63157895,35,30,1,1,1,2,1
16.63157895,35,35.55555556,1,1,1,2,1
16.63157895,35,41.11111111,1,1,1,2,1
16.63157895,35,46.66666667,1,1,1,2,1
16.63157895,35,52.22222222,1,1,1,2,1
16.63157895,35,57.77777778,1,1,1,2,1
16.63157895,35,63.33333333,1,1,1,2,1
16.63157895,35,68.88888889,1,1,1,2,1
16.63157895,35,74.44444444,1,1,1,2,1
16.63157895,35,80,1,1,1,2,1
21.84210526,15,30,5,2,3,7,5
21.84210526,15,35.55555556,5,2,3,7,5
21.84210526,15,41.11111111,5,2,3,7,5
21.84210526,15,46.66666667,5,2,3,7,5
21.84210526,15,52.22222222,5,2,3,7,5
21.84210526,15,57.77777778,5,2,3,7,5
21.84210526,15,63.33333333,5,2,3,7,5
21.84210526,15,68.88888889,5,2,3,7,5
21.84210526,15,74.44444444,5,2,3,7,5
21.84210526,15,80,5,2,3,7,5
21.84210526,17.22222222,30,4,1,2,6,4
21.84210526,17.22222222,35.55555556,4,1,2,6,4
21.84210526,17.22222222,41.11111111,4,1,2,6,4
21.84210526,17.22222222,46.66666667,4,1,2,6,4
21.84210526,17.22222222,52.22222222,4,1,2,6,4
21.84210526,17.22222222,57.77777778,4,1,2,6,4
21.84210526,17.22222222,63.33333333,4,1,2,6,4
21.84210526,17.22222222,68.88888889,4,1,2,6,4
21.84210526,17.22222222,74.44444444,4,1,2,6,4
21.84210526,17.22222222,80,4,1,2,6,4
21.84210526,19.44444444,30,4,1,2,6,4
21.84210526,19.44444444,35.55555556,4,1,2,6,4
21.84210526,19.44444444,41.11111111,4,1,2,6,4
21.84210526,19.44444444,46.66666667,4,1,2,6,4
21.84210526,19.44444444,52.22222222,4,1,2,6,4
21.84210526,19.44444444,57.77777778,4,1,2,6,4
21.84210526,19.44444444,63.33333333,4,1,2,6,4
21.84210526,19.44444444,68.88888889,4,1,2,6,4
21.84210526,19.44444444,74.44444444,4,1,2,6,4
21.84210526,19.44444444,80,4,1,2,6,4
21.84210526,21.66666667,30,3,1,1,5,3
21.84210526,21.66666667,35.55555556,3,1,1,5,3
21.84210526,21.66666667,41.11111111,3,1,1,5,3
21.84210526,21.66666667,46.66666667,3,1,1,5,3
21.84210526,21.66666667,52.22222222,3,1,1,5,3
21.84210526,21.66666667,57.77777778,3,1,1,5,3
21.84210526,21.66666667,63.33333333,3,1,1,5,3
21.84210526,21.66666667,68.88888889,3,1,1,5,3
21.84210526,21.66666667,74.44444444,3,1,1,5,3
21.84210526,21.66666667,80,3,1,1,5,3
21.84210526,23.88888889,30,3,1,1,5,3
21.84210526,23.88888889,35.55555556,3,1,1,5,3
21.84210526,23.88888889,41.11111111,3,1,1,5,3
21.84210526,23.88888889,46.66666667,3,1,1,5,3
21.84210526,23.88888889,52.22222222,3,1,1,5,3
21.84210526,23.88888889,57.77777778,3,1,1,5,3
21.84210526,23.88888889,63.33333333,3,1,1,5,3
21.84210526,23.88888889,68.88888889,3,1,1,5,3
21.84210526,23.88888889,74.44444444,3,1,1,5,3
21.84210526,23.88888889,80,3,1,1,5,3
21.84210526,26.11111111,30,3,1,1,5,3
21.84210526,26.11111111,35.55555556,3,1,1,5,3
21.84210526,26.11111111,41.11111111,3,1,1,5,3
21.84210526,26.11111111,46.66666667,3,1,1,5,3
21.84210526,26.11111111,52.22222222,3,1,1,5,3
21.84210526,26.11111111,57.77777778,3,1,1,5,3
21.84210526,26.11111111,63.33333333,3,1,1,5,3
21.84210526,26.11111111,68.88888889,3,1,1,5,3
21.84210526,26.11111111,74.44444444,3,1,1,5,3
21.84210526,26.11111111,80,3,1,1,5,3
21.84210526,28.33333333,30,3,1,1,5,3
21.84210526,28.33333333,35.55555556,3,1,1,5,3
21.84210526,28.33333333,41.11111111,3,1,1,5,3
21.84210526,28.33333333,46.66666667,3,1,1,5,3
21.84210526,28.33333333,52.22222222,3,1,1,5,3
21.84210526,28.33333333,57.77777778,3,1,1,5,3
21.84210526,28.33333333,63.33333333,3,1,1,5,3
21.84210526,28.33333333,68.88888889,3,1,1,5,3
21.84210526,28.33333333,74.44444444,3,1,1,5,3
21.84210526,28.33333333,80,3,1,1,5,3
21.84210526,30.55555556,30,2,1,1,4,2
21.84210526,30.55555556,35.55555556,2,1,1,4,2
21.84210526,30.55555556,41.11111111,2,1,1,4,2
21.84210526,30.55555556,46.66666667,2,1,1,4,2
21.84210526,30.55555556,52.22222222,2,1,1,4,2
21.84210526,30.55555556,57.77777778,2,1,1,4,2
21.84210526,30.55555556,63.33333333,2,1,1,4,2
21.84210526,30.55555556,68.88888889,2,1,1,4,2
21.84210526,30.55555556,74.44444444,2,1,1,4,2
21.84210526,30.55555556,80,2,1,1,4,2
21.84210526,32.77777778,30,2,1,1,4,2
21.84210526,32.77777778,35.55555556,2,1,1,4,2
21.84210526,32.77777778,41.11111111,2,1,1,4,2
21.84210526,32.77777778,46.66666667,2,1,1,4,2
21.84210526,32.77777778,52.22222222,2,1,1,4,2
21.84210526,32.77777778,57.77777778,2,1,1,4,2
21.84210526,32.77777778,63.33333333,2,1,1,4,2
21.84210526,32.77777778,68.88888889,2,1,1,4,2
21.84210526,32.77777778,74.44444444,2,1,1,4,2
21.84210526,32.77777778,80,2,1,1,4,2
21.84210526,35,30,1,1,1,3,1
21.84210526,35,35.55555556,1,1,1,3,1
21.84210526,35,41.11111111,1,1,1,3,1
21.84210526,35,46.66666667,1,1,1,3,1
21.84210526,35,52.22222222,1,1,1,3,1
21.84210526,35,57.77777778,1,1,1,3,1
21.84210526,35,63.33333333,1,1,1,3,1
21.84210526,35,68.88888889,1,1,1,3,1
21.84210526,35,74.44444444,1,1,1,3,1
21.84210526,35,80,1,1,1,3,1
27.05263158,15,30,5,2,3,7,5
27.05263158,15,35.55555556,5,2,3,7,5
27.05263158,15,41.11111111,5,2,3,7,5
27.05263158,15,46.66666667,5,2,3,7,5
27.05263158,15,52.22222222,5,2,3,7,5
27.05263158,15,57.77777778,5,2,3,7,5
27.05263158,15,63.33333333,5,2,3,7,5
27.05263158,15,68.88888889,5,2,3,7,5
27.05263158,15,74.44444444,5,2,3,7,5
27.05263158,15,80,5,2,3,7,5
27.05263158,17.22222222,30,4,1,2,6,4
27.05263158,17.22222222,35.55555556,4,1,2,6,4
27.05263158,17.22222222,41.11111111,4,1,2,6,4
27.05263158,17.22222222,46.66666667,4,1,2,6,4
27.05263158,17.22222222,52.22222222,4,1,2,6,4
27.05263158,17.22222222,57.77777778,4,1,2,6,4
27.05263158,17.22222222,63.33333333,4,1,2,6,4
27.05263158,17.22222222,68.88888889,4,1,2,6,4
27.05263158,17.22222222,74.44444444,4,1,2,6,4
27.05263158,17.22222222,80,4,1,2,6,4
27.05263158,19.44444444,30,4,1,2,6,4
27.05263158,19.44444444,35.55555556,4,1,2,6,4
27.05263158,19.44444444,41.11111111,4,1,2,6,4
27.05263158,19.44444444,46.66666667,4,1,2,6,4
27.05263158,19.44444444,52.22222222,4,1,2,6,4
27.05263158,19.44444444,57.77777778,4,1,2,6,4
27.05263158,19.44444444,63.33333333,4,1,2,6,4
27.05263158,19.44444444,68.88888889,4,1,2,6,4
27.05263158,19.44444444,74.44444444,4,1,2,6,4
27.05263158,19.44444444,80,4,1,2,6,4
27.05263158,21.66666667,30,3,1,1,5,3
27.05263158,21.66666667,35.55555556,3,1,1,5,3
27.05263158,21.66666667,41.11111111,3,1,1,5,3
27.05263158,21.66666667,46.66666667,3,1,1,5,3
27.05263158,21.66666667,52.22222222,3,1,1,5,3
27.05263158,21.66666667,57.77777778,3,1,1,5,3
27.05263158,21.66666667,63.33333333,3,1,1,5,3
27.05263158,21.66666667,68.88888889,3,1,1,5,3
27.05263158,21.66666667,74.44444444,3,1,1,5,3
27.05263158,21.66666667,80,3,1,1,5,3
27.05263158,23.88888889,30,3,1,1,5,3
27.05263158,23.88888889,35.55555556,3,1,1,5,3
27.05263158,23.88888889,41.11111111,3,1,1,5,3
27.05263158,23.88888889,46.66666667,3,1,1,5,3
27.05263158,23.88888889,52.22222222,3,1,1,5,3
27.05263158,23.88888889,57.77777778,3,1,1,5,3
27.05263158,23.88888889,63.33333333,3,1,1,5,3
27.05263158,23.88888889,68.88888889,3,1,1,5,3
27.05263158,23.88888889,74.44444444,3,1,1,5,3
27.05263158,23.88888889,80,3,1,1,5,3
27.05263158,26.11111111,30,3,1,1,5,3
27.05263158,26.11111111,35.55555556,3,1,1,5,3
27.05263158,26.11111111,41.11111111,3,1,1,5,3
27.05263158,26.11111111,46.66666667,3,1,1,5,3
27.05263158,26.11111111,52.22222222,3,1,1,5,3
27.05263158,26.11111111,57.77777778,3,1,1,5,3
27.05263158,26.11111111,63.33333333,3,1,1,5,3
27.05263158,26.11111111,68.88888889,3,1,1,5,3
27.05263158,26.11111111,74.44444444,3,1,1,5,3
27.05263158,26.11111111,80,3,1,1,5,3
27.05263158,28.33333333,30,3,1,1,5,3
27.05263158,28.33333333,35.55555556,3,1,1,5,3
27.05263158,28.33333333,41.11111111,3,1,1,5,3
27.05263158,28.33333333,46.66666667,3,1,1,5,3
27.05263158,28.33333333,52.22222222,3,1,1,5,3
27.05263158,28.33333333,57.77777778,3,1,1,5,3
27.05263158,28.33333333,63.33333333,3,1,1,5,3
27.05263158,28.33333333,68.88888889,3,1,1,5,3
27.05263158,28.33333333,74.44444444,3,1,1,5,3
27.05263158,28.33333333,80,3,1,1,5,3
27.05263158,30.55555556,30,2,1,1,4,2
27.05263158,30.55555556,35.55555556,2,1,1,4,2
27.05263158,30.55555556,41.11111111,2,1,1,4,2
27.05263158,30.55555556,46.66666667,2,1,1,4,2
27.05263158,30.55555556,52.22222222,2,1,1,4,2
27.05263158,30.55555556,57.77777778,2,1,1,4,2
27.05263158,30.55555556,63.33333333,2,1,1,4,2
27.05263158,30.55555556,68.88888889,2,1,1,4,2
27.05263158,30.55555556,74.44444444,2,1,1,4,2
27.05263158,30.55555556,80,2,1,1,4,2
27.05263158,32.77777778,30,2,1,1,4,2
27.05263158,32.77777778,35.55555556,2,1,1,4,2
27.05263158,32.77777778,41.11111111,2,1,1,4,2
27.05263158,32.77777778,46.66666667,2,1,1,4,2
27.05263158,32.77777778,52.22222222,2,1,1,4,2
27.05263158,32.77777778,57.77777778,2,1,1,4,2
27.05263158,32.77777778,63.33333333,2,1,1,4,2
27.05263158,32.77777778,68.88888889,2,1,1,4,2
27.05263158,32.77777778,74.44444444,2,1,1,4,2
27.05263158,32.77777778,80,2,1,1,4,2
27.05263158,35,30,1,1,1,3,1
27.05263158,35,35.55555556,1,1,1,3,1
27.05263158,35,41.11111111,1,1,1,3,1
27.05263158,35,46.66666667,1,1,1,3,1
27.05263158,35,52.22222222,1,1,1,3,1
27.05263158,35,57.77777778,1,1,1,3,1
27.05263158,35,63.33333333,1,1,1,3,1
27.05263158,35,68.88888889,1,1,1,3,1
27.05263158,35,74.44444444,1,1,1,3,1
27.05263158,35,80,1,1,1,3,1
32.26315789,15,30,6,3,4,8,6
32.26315789,15,35.55555556,6,3,4,8,6
32.26315789,15,41.11111111,6,3,4,8,6
32.26315789,15,46.66666667,6,3,4,8,6
32.26315789,15,52.22222222,6,3,4,8,6
32.26315789,15,57.77777778,6,3,4,8,6
32.26315789,15,63.33333333,6,3,4,8,6
32.26315789,15,68.88888889,6,3,4,8,6
32.26315789,15,74.44444444,6,3,4,8,6
32.26315789,15,80,6,3,4,8,6
32.26315789,17.22222222,30,5,2,3,7,5
32.26315789,17.22222222,35.55555556,5,2,3,7,5
32.26315789,17.22222222,41.11111111,5,2,3,7,5
32.26315789,17.22222222,46.66666667,5,2,3,7,5
32.26315789,17.22222222,52.22222222,5,2,3,7,5
32.26315789,17.22222222,57.77777778,5,2,3,7,5
32.26315789,17.22222222,63.33333333,5,2,3,7,5
32.26315789,17.22222222,68.88888889,5,2,3,7,5
32.26315789,17.22222222,74.44444444,5,2,3,7,5
32.26315789,17.22222222,80,5,2,3,7,5
32.26315789,19.44444444,30,5,2,3,7,5
32.26315789,19.44444444,35.55555556,5,2,3,7,5
32.26315789,19.44444444,41.11111111,5,2,3,7,5
32.26315789,19.44444444,46.66666667,5,2,3,7,5
32.26315789,19.44444444,52.22222222,5,2,3,7,5
32.26315789,19.44444444,57.77777778,5,2,3,7,5
32.26315789,19.44444444,63.33333333,5,2,3,7,5
32.26315789,19.44444444,68.88888889,5,2,3,7,5
32.26315789,19.44444444,74.44444444,5,2,3,7,5
32.26315789,19.44444444,80,5,2,3,7,5
32.26315789,21.66666667,30,4,1,2,6,4
32.26315789,21.66666667,35.55555556,4,1,2,6,4
32.26315789,21.66666667,41.11111111,4,1,2,6,4
32.26315789,21.66666667,46.66666667,4,1,2,6,4
32.26315789,21.66666667,52.22222222,4,1,2,6,4
32.26315789,21.66666667,57.77777778,4,1,2,6,4
32.26315789,21.66666667,63.33333333,4,1,2,6,4
32.26315789,21.66666667,68.88888889,4,1,2,6,4
32.26315789,21.66666667,74.44444444,4,1,2,6,4
32.26315789,21.66666667,80,4,1,2,6,4
32.26315789,23.88888889,30,4,1,2,6,4
32.26315789,23.88888889,35.55555556,4,1,2,6,4
32.26315789,23.88888889,41.11111111,4,1,2,6,4
32.26315789,23.88888889,46.66666667,4,1,2,6,4
32.26315789,23.88888889,52.22222222,4,1,2,6,4
32.26315789,23.88888889,57.77777778,4,1,2,6,4
32.26315789,23.88888889,63.33333333,4,1,2,6,4
32.26315789,23.88888889,68.88888889,4,1,2,6,4
32.26315789,23.88888889,74.44444444,4,1,2,6,4
32.26315789,23.88888889,80,4,1,2,6,4
32.26315789,26.11111111,30,4,1,2,6,4
32.26315789,26.11111111,35.55555556,4,1,2,6,4
32.26315789,26.11111111,41.11111111,4,1,2,6,4
32.26315789,26.11111111,46.66666667,4,1,2,6,4
32.26315789,26.11111111,52.22222222,4,1,2,6,4
32.26315789,26.11111111,57.77777778,4,1,2,6,4
32.26315789,26.11111111,63.33333333,4,1,2,6,4
32.26315789,26.11111111,68.88888889,4,1,2,6,4
32.26315789,26.11111111,74.44444444,4,1,2,6,4
32.26315789,26.11111111,80,4,1,2,6,4
32.26315789,28.33333333,30,4,1,2,6,4
32.26315789,28.33333333,35.55555556,4,1,2,6,4
32.26315789,28.33333333,41.11111111,4,1,2,6,4
32.26315789,28.33333333,46.66666667,4,1,2,6,4
32.26315789,28.33333333,52.22222222,4,1,2,6,4
32.26315789,28.33333333,57.77777778,4,1,2,6,4
32.26315789,28.33333333,63.33333333,4,1,2,6,4
32.26315789,28.33333333,68.88888889,4,1,2,6,4
32.26315789,28.33333333,74.44444444,4,1,2,6,4
32.26315789,28.33333333,80,4,1,2,6,4
32.26315789,30.55555556,30,3,1,1,5,3
32.26315789,30.55555556,35.55555556,3,1,1,5,3
32.26315789,30.55555556,41.11111111,3,1,1,5,3
32.26315789,30.55555556,46.66666667,3,1,1,5,3
32.26315789,30.55555556,52.22222222,3,1,1,5,3
32.26315789,30.55555556,57.77777778,3,1,1,5,3
32.26315789,30.55555556,63.33333333,3,1,1,5,3
32.26315789,30.55555556,68.88888889,3,1,1,5,3
32.26315789,30.55555556,74.44444444,3,1,1,5,3
32.26315789,30.55555556,80,3,1,1,5,3
32.26315789,32.77777778,30,3,1,1,5,3
32.26315789,32.77777778,35.55555556,3,1,1,5,3
32.26315789,32.77777778,41.11111111,3,1,1,5,3
32.26315789,32.77777778,46.66666667,3,1,1,5,3
32.26315789,32.77777778,52.22222222,3,1,1,5,3
32.26315789,32.77777778,57.77777778,3,1,1,5,3
32.26315789,32.77777778,63.33333333,3,1,1,5,3
32.26315789,32.77777778,68.88888889,3,1,1,5,3
32.26315789,32.77777778,74.44444444,3,1,1,5,3
32.26315789,32.77777778,80,3,1,1,5,3
32.26315789,35,30,2,1,1,4,2
32.26315789,35,35.55555556,2,1,1,4,2
32.26315789,35,41.11111111,2,1,1,4,2
32.26315789,35,46.66666667,2,1,1,4,2
32.26315789,35,52.22222222,2,1,1,4,2
32.26315789,35,57.77777778,2,1,1,4,2
32.26315789,35,63.33333333,2,1,1,4,2
32.26315789,35,68.88888889,2,1,1,4,2
32.26315789,35,74.44444444,2,1,1,4,2
32.26315789,35,80,2,1,1,4,2
37.47368421,15,30,6,3,4,8,6
37.47368421,15,35.55555556,6,3,4,8,6
37.47368421,15,41.11111111,6,3,4,8,6
37.47368421,15,46.66666667,6,3,4,8,6
37.47368421,15,52.22222222,6,3,4,8,6
37.47368421,15,57.77777778,6,3,4,8,6
37.47368421,15,63.33333333,6,3,4,8,6
37.47368421,15,68.88888889,6,3,4,8,6
37.47368421,15,74.44444444,6,3,4,8,6
37.47368421,15,80,6,3,4,8,6
37.47368421,17.22222222,30,5,2,3,7,5
37.47368421,17.22222222,35.55555556,5,2,3,7,5
37.47368421,17.22222222,41.11111111,5,2,3,7,5
37.47368421,17.22222222,46.66666667,5,2,3,7,5
37.47368421,17.22222222,52.22222222,5,2,3,7,5
37.47368421,17.22222222,57.77777778,5,2,3,7,5
37.47368421,17.22222222,63.33333333,5,2,3,7,5
37.47368421,17.22222222,68.88888889,5,2,3,7,5
37.47368421,17.22222222,74.44444444,5,2,3,7,5
37.47368421,17.22222222,80,5,2,3,7,5
37.47368421,19.44444444,30,5,2,3,7,5
37.47368421,19.44444444,35.55555556,5,2,3,7,5
37.47368421,19.44444444,41.11111111,5,2,3,7,5
37.47368421,19.44444444,46.66666667,5,2,3,7,5
37.47368421,19.44444444,52.22222222,5,2,3,7,5
37.47368421,19.44444444,57.77777778,5,2,3,7,5
37.47368421,19.44444444,63.33333333,5,2,3,7,5
37.47368421,19.44444444,68.88888889,5,2,3,7,5
37.47368421,19.44444444,74.44444444,5,2,3,7,5
37.47368421,19.44444444,80,5,2,3,7,5
37.47368421,21.66666667,30,4,1,2,6,4
37.47368421,21.66666667,35.55555556,4,1,2,6,4
37.47368421,21.66666667,41.11111111,4,1,2,6,4
37.47368421,21.66666667,46.66666667,4,1,2,6,4
37.47368421,21.66666667,52.22222222,4,1,2,6,4
37.47368421,21.66666667,57.77777778,4,1,2,6,4
37.47368421,21.66666667,63.33333333,4,1,2,6,4
37.47368421,21.66666667,68.88888889,4,1,2,6,4
37.47368421,21.66666667,74.44444444,4,1,2,6,4
37.47368421,21.66666667,80,4,1,2,6,4
37.47368421,23.88888889,30,4,1,2,6,4
37.47368421,23.88888889,35.55555556,4,1,2,6,4
37.47368421,23.88888889,41.11111111,4,1,2,6,4
37.47368421,23.88888889,46.66666667,4,1,2,6,4
37.47368421,23.88888889,52.22222222,4,1,2,6,4
37.47368421,23.88888889,57.77777778,4,1,2,6,4
37.47368421,23.88888889,63.33333333,4,1,2,6,4
37.47368421,23.88888889,68.88888889,4,1,2,6,4
37.47368421,23.88888889,74.44444444,4,1,2,6,4
37.47368421,23.88888889,80,4,1,2,6,4
37.47368421,26.11111111,30,4,1,2,6,4
37.47368421,26.11111111,35.55555556,4,1,2,6,4
37.47368421,26.11111111,41.11111111,4,1,2,6,4
37.47368421,26.11111111,46.66666667,4,1,2,6,4
37.47368421,26.11111111,52.22222222,4,1,2,6,4
37.47368421,26.11111111,57.77777778,4,1,2,6,4
37.47368421,26.11111111,63.33333333,4,1,2,6,4
37.47368421,26.11111111,68.88888889,4,1,2,6,4
37.47368421,26.11111111,74.44444444,4,1,2,6,4
37.47368421,26.11111111,80,4,1,2,6,4
37.47368421,28.33333333,30,4,1,2,6,4
37.47368421,28.33333333,35.55555556,4,1,2,6,4
37.47368421,28.33333333,41.11111111,4,1,2,6,4
37.47368421,28.33333333,46.66666667,4,1,2,6,4
37.47368421,28.33333333,52.22222222,4,1,2,6,4
37.47368421,28.33333333,57.77777778,4,1,2,6,4
37.47368421,28.33333333,63.33333333,4,1,2,6,4
37.47368421,28.33333333,68.88888889,4,1,2,6,4
37.47368421,28.33333333,74.44444444,4,1,2,6,4
37.47368421,28.33333333,80,4,1,2,6,4
37.47368421,30.55555556,30,3,1,1,5,3
37.47368421,30.55555556,35.55555556,3,1,1,5,3
37.47368421,30.55555556,41.11111111,3,1,1,5,3
37.47368421,30.55555556,46.66666667,3,1,1,5,3
37.47368421,30.55555556,52.22222222,3,1,1,5,3
37.47368421,30.55555556,57.77777778,3,1,1,5,3
37.47368421,30.55555556,63.33333333,3,1,1,5,3
37.47368421,30.55555556,68.88888889,3,1,1,5,3
37.47368421,30.55555556,74.44444444,3,1,1,5,3
37.47368421,30.55555556,80,3,1,1,5,3
37.47368421,32.77777778,30,3,1,1,5,3
37.47368421,32.77777778,35.55555556,3,1,1,5,3
37.47368421,32.77777778,41.11111111,3,1,1,5,3
37.47368421,32.77777778,46.66666667,3,1,1,5,3
37.47368421,32.77777778,52.22222222,3,1,1,5,3
37.47368421,32.77777778,57.77777778,3,1,1,5,3
37.47368421,32.77777778,63.33333333,3,1,1,5,3
37.47368421,32.77777778,68.88888889,3,1,1,5,3
37.47368421,32.77777778,74.44444444,3,1,1,5,3
37.47368421,32.77777778,80,3,1,1,5,3
37.47368421,35,30,2,1,1,4,2
37.47368421,35,35.55555556,2,1,1,4,2
37.47368421,35,41.11111111,2,1,1,4,2
37.47368421,35,46.66666667,2,1,1,4,2
37.47368421,35,52.22222222,2,1,1,4,2
37.47368421,35,57.77777778,2,1,1,4,2
37.47368421,35,63.33333333,2,1,1,4,2
37.47368421,35,68.88888889,2,1,1,4,2
37.47368421,35,74.44444444,2,1,1,4,2
37.47368421,35,80,2,1,1,4,2
42.68421053,15,30,7,4,5,9,7
42.68421053,15,35.55555556,7,4,5,9,7
42.68421053,15,41.11111111,7,4,5,9,7
42.68421053,15,46.66666667,7,4,5,9,7
42.68421053,15,52.22222222,7,4,5,9,7
42.68421053,15,57.77777778,7,4,5,9,7
42.68421053,15,63.33333333,7,4,5,9,7
42.68421053,15,68.88888889,7,4,5,9,7
42.68421053,15,74.44444444,7,4,5,9,7
42.68421053,15,80,7,4,5,9,7
42.68421053,17.22222222,30,6,3,4,8,6
42.68421053,17.22222222,35.55555556,6,3,4,8,6
42.68421053,17.22222222,41.11111111,6,3,4,8,6
42.68421053,17.22222222,46.66666667,6,3,4,8,6
42.68421053,17.22222222,52.22222222,6,3,4,8,6
42.68421053,17.22222222,57.77777778,6,3,4,8,6
42.68421053,17.22222222,63.33333333,6,3,4,8,6
42.68421053,17.22222222,68.88888889,6,3,4,8,6
42.68421053,17.22222222,74.44444444,6,3,4,8,6
42.68421053,17.22222222,80,6,3,4,8,6
42.68421053,19.44444444,30,6,3,4,8,6
42.68421053,19.44444444,35.55555556,6,3,4,8,6
42.68421053,19.44444444,41.11111111,6,3,4,8,6
42.68421053,19.44444444,46.66666667,6,3,4,8,6
42.68421053,19.44444444,52.22222222,6,3,4,8,6
42.68421053,19.44444444,57.77777778,6,3,4,8,6
42.68421053,19.44444444,63.33333333,6,3,4,8,6
42.68421053,19.44444444,68.88888889,6,3,4,8,6
42.68421053,19.44444444,74.44444444,6,3,4,8,6
42.68421053,19.44444444,80,6,3,4,8,6
42.68421053,21.66666667,30,5,2,3,7,5
42.68421053,21.66666667,35.55555556,5,2,3,7,5
42.68421053,21.66666667,41.11111111,5,2,3,7,5
42.68421053,21.66666667,46.66666667,5,2,3,7,5
42.68421053,21.66666667,52.22222222,5,2,3,7,5
42.68421053,21.66666667,57.77777778,5,2,3,7,5
42.68421053,21.66666667,63.33333333,5,2,3,7,5
42.68421053,21.66666667,68.88888889,5,2,3,7,5
42.68421053,21.66666667,74.44444444,5,2,3,7,5
42.68421053,21.66666667,80,5,2,3,7,5
42.68421053,23.88888889,30,5,2,3,7,5
42.68421053,23.88888889,35.55555556,5,2,3,7,5
42.68421053,23.88888889,41.11111111,5,2,3,7,5
42.68421053,23.88888889,46.66666667,5,2,3,7,5
42.68421053,23.88888889,52.22222222,5,2,3,7,5
42.68421053,23.88888889,57.77777778,5,2,3,7,5
42.68421053,23.88888889,63.33333333,5,2,3,7,5
42.68421053,23.88888889,68.88888889,5,2,3,7,5
42.68421053,23.88888889,74.44444444,5,2,3,7,5
42.68421053,23.88888889,80,5,2,3,7,5
42.68421053,26.11111111,30,5,2,3,7,5
42.68421053,26.11111111,35.55555556,5,2,3,7,5
42.68421053,26.11111111,41.11111111,5,2,3,7,5
42.68421053,26.11111111,46.66666667,5,2,3,7,5
42.68421053,26.11111111,52.22222222,5,2,3,7,5
42.68421053,26.11111111,57.77777778,5,2,3,7,5
42.68421053,26.11111111,63.33333333,5,2,3,7,5
42.68421053,26.11111111,68.88888889,5,2,3,7,5
42.68421053,26.11111111,74.44444444,5,2,3,7,5
42.68421053,26.11111111,80,5,2,3,7,5
42.68421053,28.33333333,30,5,2,3,7,5
42.68421053,28.33333333,35.55555556,5,2,3,7,5
42.68421053,28.33333333,41.11111111,5,2,3,7,5
42.68421053,28.33333333,46.66666667,5,2,3,7,5
42.68421053,28.33333333,52.22222222,5,2,3,7,5
42.68421053,28.33333333,57.77777778,5,2,3,7,5
42.68421053,28.33333333,63.33333333,5,2,3,7,5
42.68421053,28.33333333,68.88888889,5,2,3,7,5
42.68421053,28.33333333,74.44444444,5,2,3,7,5
42.68421053,28.33333333,80,5,2,3,7,5
42.68421053,30.55555556,30,4,1,2,6,4
42.68421053,30.55555556,35.55555556,4,1,2,6,4
42.68421053,30.55555556,41.11111111,4,1,2,6,4
42.68421053,30.55555556,46.66666667,4,1,2,6,4
42.68421053,30.55555556,52.22222222,4,1,2,6,4
42.68421053,30.55555556,57.77777778,4,1,2,6,4
42.68421053,30.55555556,63.33333333,4,1,2,6,4
42.68421053,30.55555556,68.88888889,4,1,2,6,4
42.68421053,30.55555556,74.44444444,4,1,2,6,4
42.68421053,30.55555556,80,4,1,2,6,4
42.68421053,32.77777778,30,4,1,2,6,4
42.68421053,32.77777778,35.55555556,4,1,2,6,4
42.68421053,32.77777778,41.11111111,4,1,2,6,4
42.68421053,32.77777778,46.66666667,4,1,2,6,4
42.68421053,32.77777778,52.22222222,4,1,2,6,4
42.68421053,32.77777778,57.77777778,4,1,2,6,4
42.68421053,32.77777778,63.33333333,4,1,2,6,4
42.68421053,32.77777778,68.88888889,4,1,2,6,4
42.68421053,32.77777778,74.44444444,4,1,2,6,4
42.68421053,32.77777778,80,4,1,2,6,4
42.68421053,35,30,3,1,1,5,3
42.68421053,35,35.55555556,3,1,1,5,3
42.68421053,35,41.11111111,3,1,1,5,3
42.68421053,35,46.66666667,3,1,1,5,3
42.68421053,35,52.22222222,3,1,1,5,3
42.68421053,35,57.77777778,3,1,1,5,3
42.68421053,35,63.33333333,3,1,1,5,3
42.68421053,35,68.88888889,3,1,1,5,3
42.68421053,35,74.44444444,3,1,1,5,3
42.68421053,35,80,3,1,1,5,3
47.89473684,15,30,7,4,5,9,7
47.89473684,15,35.55555556,7,4,5,9,7
47.89473684,15,41.11111111,7,4,5,9,7
47.89473684,15,46.66666667,7,4,5,9,7
47.89473684,15,52.22222222,7,4,5,9,7
47.89473684,15,57.77777778,7,4,5,9,7
47.89473684,15,63.33333333,7,4,5,9,7
47.89473684,15,68.88888889,7,4,5,9,7
47.89473684,15,74.44444444,7,4,5,9,7
47.89473684,15,80,7,4,5,9,7
47.89473684,17.22222222,30,6,3,4,8,6
47.89473684,17.22222222,35.55555556,6,3,4,8,6
47.89473684,17.22222222,41.11111111,6,3,4,8,6
47.89473684,17.22222222,46.66666667,6,3,4,8,6
47.89473684,17.22222222,52.22222222,6,3,4,8,6
47.89473684,17.22222222,57.77777778,6,3,4,8,6
47.89473684,17.22222222,63.33333333,6,3,4,8,6
47.89473684,17.22222222,68.88888889,6,3,4,8,6
47.89473684,17.22222222,74.44444444,6,3,4,8,6
47.89473684,17.22222222,80,6,3,4,8,6
47.89473684,19.44444444,30,6,3,4,8,6
47.89473684,19.44444444,35.55555556,6,3,4,8,6
47.89473684,19.44444444,41.11111111,6,3,4,8,6
47.89473684,19.44444444,46.66666667,6,3,4,8,6
47.89473684,19.44444444,52.22222222,6,3,4,8,6
47.89473684,19.44444444,57.77777778,6,3,4,8,6
47.89473684,19.44444444,63.33333333,6,3,4,8,6
47.89473684,19.44444444,68.88888889,6,3,4,8,6
47.89473684,19.44444444,74.44444444,6,3,4,8,6
47.89473684,19.44444444,80,6,3,4,8,6
47.89473684,21.66666667,30,5,2,3,7,5
47.89473684,21.66666667,35.55555556,5,2,3,7,5
47.89473684,21.66666667,41.11111111,5,2,3,7,5
47.89473684,21.66666667,46.66666667,5,2,3,7,5
47.89473684,21.66666667,52.22222222,5,2,3,7,5
47.89473684,21.66666667,57.77777778,5,2,3,7,5
47.89473684,21.66666667,63.33333333,5,2,3,7,5
47.89473684,21.66666667,68.88888889,5,2,3,7,5
47.89473684,21.66666667,74.44444444,5,2,3,7,5
47.89473684,21.66666667,80,5,2,3,7,5
47.89473684,23.88888889,30,5,2,3,7,5
47.89473684,23.88888889,35.55555556,5,2,3,7,5
47.89473684,23.88888889,41.11111111,5,2,3,7,5
47.89473684,23.88888889,46.66666667,5,2,3,7,5
47.89473684,23.88888889,52.22222222,5,2,3,7,5
47.89473684,23.88888889,57.77777778,5,2,3,7,5
47.89473684,23.88888889,63.33333333,5,2,3,7,5
47.89473684,23.88888889,68.88888889,5,2,3,7,5
47.89473684,23.88888889,74.44444444,5,2,3,7,5
47.89473684,23.88888889,80,5,2,3,7,5
47.89473684,26.11111111,30,5,2,3,7,5
47.89473684,26.11111111,35.55555556,5,2,3,7,5
47.89473684,26.11111111,41.11111111,5,2,3,7,5
47.89473684,26.11111111,46.66666667,5,2,3,7,5
47.89473684,26.11111111,52.22222222,5,2,3,7,5
47.89473684,26.11111111,57.77777778,5,2,3,7,5
47.89473684,26.11111111,63.33333333,5,2,3,7,5
47.89473684,26.11111111,68.88888889,5,2,3,7,5
47.89473684,26.11111111,74.44444444,5,2,3,7,5
47.89473684,26.11111111,80,5,2,3,7,5
47.89473684,28.33333333,30,5,2,3,7,5
47.89473684,28.33333333,35.55555556,5,2,3,7,5
47.89473684,28.33333333,41.11111111,5,2,3,7,5
47.89473684,28.33333333,46.66666667,5,2,3,7,5
47.89473684,28.33333333,52.22222222,5,2,3,7,5
47.89473684,28.33333333,57.77777778,5,2,3,7,5
47.89473684,28.33333333,63.33333333,5,2,3,7,5
47.89473684,28.33333333,68.88888889,5,2,3,7,5
47.89473684,28.33333333,74.44444444,5,2,3,7,5
47.89473684,28.33333333,80,5,2,3,7,5
47.89473684,30.55555556,30,4,1,2,6,4
47.89473684,30.55555556,35.55555556,4,1,2,6,4
47.89473684,30.55555556,41.11111111,4,1,2,6,4
47.89473684,30.55555556,46.66666667,4,1,2,6,4
47.89473684,30.55555556,52.22222222,4,1,2,6,4
47.89473684,30.55555556,57.77777778,4,1,2,6,4
47.89473684,30.55555556,63.33333333,4,1,2,6,4
47.89473684,30.55555556,68.88888889,4,1,2,6,4
47.89473684,30.55555556,74.44444444,4,1,2,6,4
47.89473684,30.55555556,80,4,1,2,6,4
47.89473684,32.77777778,30,4,1,2,6,4
47.89473684,32.77777778,35.55555556,4,1,2,6,4
47.89473684,32.77777778,41.11111111,4,1,2,6,4
47.89473684,32.77777778,46.66666667,4,1,2,6,4
47.89473684,32.77777778,52.22222222,4,1,2,6,4
47.89473684,32.77777778,57.77777778,4,1,2,6,4
47.89473684,32.77777778,63.33333333,4,1,2,6,4
47.89473684,32.77777778,68.88888889,4,1,2,6,4
47.89473684,32.77777778,74.44444444,4,1,2,6,4
47.89473684,32.77777778,80,4,1,2,6,4
47.89473684,35,30,3,1,1,5,3
47.89473684,35,35.55555556,3,1,1,5,3
47.89473684,35,41.11111111,3,1,1,5,3
47.89473684,35,46.66666667,3,1,1,5,3
47.89473684,35,52.22222222,3,1,1,5,3
47.89473684,35,57.77777778,3,1,1,5,3
47.89473684,35,63.33333333,3,1,1,5,3
47.89473684,35,68.88888889,3,1,1,5,3
47.89473684,35,74.44444444,3,1,1,5,3
47.89473684,35,80,3,1,1,5,3
53.10526316,15,30,7,4,5,9,7
53.10526316,15,35.55555556,7,4,5,9,7
53.10526316,15,41.11111111,7,4,5,9,7
53.10526316,15,46.66666667,7,4,5,9,7
53.10526316,15,52.22222222,7,4,5,9,7
53.10526316,15,57.77777778,7,4,5,9,7
53.10526316,15,63.33333333,7,4,5,9,7
53.10526316,15,68.88888889,7,4,5,9,7
53.10526316,15,74.44444444,7,4,5,9,7
53.10526316,15,80,7,4,5,9,7
53.10526316,17.22222222,30,6,3,4,8,6
53.10526316,17.22222222,35.55555556,6,3,4,8,6
53.10526316,17.22222222,41.11111111,6,3,4,8,6
53.10526316,17.22222222,46.66666667,6,3,4,8,6
53.10526316,17.22222222,52.22222222,6,3,4,8,6
53.10526316,17.22222222,57.77777778,6,3,4,8,6
53.10526316,17.22222222,63.33333333,6,3,4,8,6
53.10526316,17.22222222,68.88888889,6,3,4,8,6
53.10526316,17.22222222,74.44444444,6,3,4,8,6
53.10526316,17.22222222,80,6,3,4,8,6
53.10526316,19.44444444,30,6,3,4,8,6
53.10526316,19.44444444,35.55555556,6,3,4,8,6
53.10526316,19.44444444,41.11111111,6,3,4,8,6
53.10526316,19.44444444,46.66666667,6,3,4,8,6
53.10526316,19.44444444,52.22222222,6,3,4,8,6
53.10526316,19.44444444,57.77777778,6,3,4,8,6
53.10526316,19.44444444,63.33333333,6,3,4,8,6
53.10526316,19.44444444,68.88888889,6,3,4,8,6
53.10526316,19.44444444,74.44444444,6,3,4,8,6
53.10526316,19.44444444,80,6,3,4,8,6
53.10526316,21.66666667,30,5,2,3,7,5
53.10526316,21.66666667,35.55555556,5,2,3,7,5
53.10526316,21.66666667,41.11111111,5,2,3,7,5
53.10526316,21.66666667,46.66666667,5,2,3,7,5
53.10526316,21.66666667,52.22222222,5,2,3,7,5
53.10526316,21.66666667,57.77777778,5,2,3,7,5
53.10526316,21.66666667,63.33333333,5,2,3,7,5
53.10526316,21.66666667,68.88888889,5,2,3,7,5
53.10526316,21.66666667,74.44444444,5,2,3,7,5
53.10526316,21.66666667,80,5,2,3,7,5
53.10526316,23.88888889,30,5,2,3,7,5
53.10526316,23.88888889,35.55555556,5,2,3,7,5
53.10526316,23.88888889,41.11111111,5,2,3,7,5
53.10526316,23.88888889,46.66666667,5,2,3,7,5
53.10526316,23.88888889,52.22222222,5,2,3,7,5
53.10526316,23.88888889,57.77777778,5,2,3,7,5
53.10526316,23.88888889,63.33333333,5,2,3,7,5
53.10526316,23.88888889,68.88888889,5,2,3,7,5
53.10526316,23.88888889,74.44444444,5,2,3,7,5
53.10526316,23.88888889,80,5,2,3,7,5
53.10526316,26.11111111,30,5,2,3,7,5
53.10526316,26.11111111,35.55555556,5,2,3,7,5
53.10526316,26.11111111,41.11111111,5,2,3,7,5
53.10526316,26.11111111,46.66666667,5,2,3,7,5
53.10526316,26.11111111,52.22222222,5,2,3,7,5
53.10526316,26.11111111,57.77777778,5,2,3,7,5
53.10526316,26.11111111,63.33333333,5,2,3,7,5
53.10526316,26.11111111,68.88888889,5,2,3,7,5
53.10526316,26.11111111,74.44444444,5,2,3,7,5
53.10526316,26.11111111,80,5,2,3,7,5
53.10526316,28.33333333,30,5,2,3,7,5
53.10526316,28.33333333,35.55555556,5,2,3,7,5
53.10526316,28.33333333,41.11111111,5,2,3,7,5
53.10526316,28.33333333,46.66666667,5,2,3,7,5
53.10526316,28.33333333,52.22222222,5,2,3,7,5
53.10526316,28.33333333,57.77777778,5,2,3,7,5
53.10526316,28.33333333,63.33333333,5,2,3,7,5
53.10526316,28.33333333,68.88888889,5,2,3,7,5
53.10526316,28.33333333,74.44444444,5,2,3,7,5
53.10526316,28.33333333,80,5,2,3,7,5
53.10526316,30.55555556,30,4,1,2,6,4
53.10526316,30.55555556,35.55555556,4,1,2,6,4
53.10526316,30.55555556,41.11111111,4,1,2,6,4
53.10526316,30.55555556,46.66666667,4,1,2,6,4
53.10526316,30.55555556,52.22222222,4,1,2,6,4
53.10526316,30.55555556,57.77777778,4,1,2,6,4
53.10526316,30.55555556,63.33333333,4,1,2,6,4
53.10526316,30.55555556,68.88888889,4,1,2,6,4
53.10526316,30.55555556,74.44444444,4,1,2,6,4
53.10526316,30.55555556,80,4,1,2,6,4
53.10526316,32.77777778,30,4,1,2,6,4
53.10526316,32.77777778,35.55555556,4,1,2,6,4
53.10526316,32.77777778,41.11111111,4,1,2,6,4
53.10526316,32.77777778,46.66666667,4,1,2,6,4
53.10526316,32.77777778,52.22222222,4,1,2,6,4
53.10526316,32.77777778,57.77777778,4,1,2,6,4
53.10526316,32.77777778,63.33333333,4,1,2,6,4
53.10526316,32.77777778,68.88888889,4,1,2,6,4
53.10526316,32.77777778,74.44444444,4,1,2,6,4
53.10526316,32.77777778,80,4,1,2,6,4
53.10526316,35,30,3,1,1,5,3
53.10526316,35,35.55555556,3,1,1,5,3
53.10526316,35,41.11111111,3,1,1,5,3
53.10526316,35,46.66666667,3,1,1,5,3
53.10526316,35,52.22222222,3,1,1,5,3
53.10526316,35,57.77777778,3,1,1,5,3
53.10526316,35,63.33333333,3,1,1,5,3
53.10526316,35,68.88888889,3,1,1,5,3
53.10526316,35,74.44444444,3,1,1,5,3
53.10526316,35,80,3,1,1,5,3
58.31578947,15,30,7,4,5,9,7
58.31578947,15,35.55555556,7,4,5,9,7
58.31578947,15,41.11111111,7,4,5,9,7
58.31578947,15,46.66666667,7,4,5,9,7
58.31578947,15,52.22222222,7,4,5,9,7
58.31578947,15,57.77777778,7,4,5,9,7
58.31578947,15,63.33333333,7,4,5,9,7
58.31578947,15,68.88888889,7,4,5,9,7
58.31578947,15,74.44444444,7,4,5,9,7
58.31578947,15,80,7,4,5,9,7
58.31578947,17.22222222,30,6,3,4,8,6
58.31578947,17.22222222,35.55555556,6,3,4,8,6
58.31578947,17.22222222,41.11111111,6,3,4,8,6
58.31578947,17.22222222,46.66666667,6,3,4,8,6
58.31578947,17.22222222,52.22222222,6,3,4,8,6
58.31578947,17.22222222,57.77777778,6,3,4,8,6
58.31578947,17.22222222,63.33333333,6,3,4,8,6
58.31578947,17.22222222,68.88888889,6,3,4,8,6
58.31578947,17.22222222,74.44444444,6,3,4,8,6
58.31578947,17.22222222,80,6,3,4,8,6
58.31578947,19.44444444,30,6,3,4,8,6
58.31578947,19.44444444,35.55555556,6,3,4,8,6
58.31578947,19.44444444,41.11111111,6,3,4,8,6
58.31578947,19.44444444,46.66666667,6,3,4,8,6
58.31578947,19.44444444,52.22222222,6,3,4,8,6
58.31578947,19.44444444,57.77777778,6,3,4,8,6
58.31578947,19.44444444,63.33333333,6,3,4,8,6
58.31578947,19.44444444,68.88888889,6,3,4,8,6
58.31578947,19.44444444,74.44444444,6,3,4,8,6
58.31578947,19.44444444,80,6,3,4,8,6
58.31578947,21.66666667,30,5,2,3,7,5
58.31578947,21.66666667,35.55555556,5,2,3,7,5
58.31578947,21.66666667,41.11111111,5,2,3,7,5
58.31578947,21.66666667,46.66666667,5,2,3,7,5
58.31578947,21.66666667,52.22222222,5,2,3,7,5
58.31578947,21.66666667,57.77777778,5,2,3,7,5
58.31578947,21.66666667,63.33333333,5,2,3,7,5
58.31578947,21.66666667,68.88888889,5,2,3,7,5
58.31578947,21.66666667,74.44444444,5,2,3,7,5
58.31578947,21.66666667,80,5,2,3,7,5
58.31578947,23.88888889,30,5,2,3,7,5
58.31578947,23.88888889,35.55555556,5,2,3,7,5
58.31578947,23.88888889,41.11111111,5,2,3,7,5
58.31578947,23.88888889,46.66666667,5,2,3,7,5
58.31578947,23.88888889,52.22222222,5,2,3,7,5
58.31578947,23.88888889,57.77777778,5,2,3,7,5
58.31578947,23.88888889,63.33333333,5,2,3,7,5
58.31578947,23.88888889,68.88888889,5,2,3,7,5
58.31578947,23.88888889,74.44444444,5,2,3,7,5
58.31578947,23.88888889,80,5,2,3,7,5
58.31578947,26.11111111,30,5,2,3,7,5
58.31578947,26.11111111,35.55555556,5,2,3,7,5
58.31578947,26.11111111,41.11111111,5,2,3,7,5
58.31578947,26.11111111,46.66666667,5,2,3,7,5
58.31578947,26.11111111,52.22222222,5,2,3,7,5
58.31578947,26.11111111,57.77777778,5,2,3,7,5
58.31578947,26.11111111,63.33333333,5,2,3,7,5
58.31578947,26.11111111,68.88888889,5,2,3,7,5
58.31578947,26.11111111,74.44444444,5,2,3,7,5
58.31578947,26.11111111,80,5,2,3,7,5
58.31578947,28.33333333,30,5,2,3,7,5
58.31578947,28.33333333,35.55555556,5,2,3,7,5
58.31578947,28.33333333,41.11111111,5,2,3,7,5
58.31578947,28.33333333,46.66666667,5,2,3,7,5
58.31578947,28.33333333,52.22222222,5,2,3,7,5
58.31578947,28.33333333,57.77777778,5,2,3,7,5
58.31578947,28.33333333,63.33333333,5,2,3,7,5
58.31578947,28.33333333,68.88888889,5,2,3,7,5
58.31578947,28.33333333,74.44444444,5,2,3,7,5
58.31578947,28.33333333,80,5,2,3,7,5
58.31578947,30.55555556,30,4,1,2,6,4
58.31578947,30.55555556,35.55555556,4,1,2,6,4
58.31578947,30.55555556,41.11111111,4,1,2,6,4
58.31578947,30.55555556,46.66666667,4,1,2,6,4
58.31578947,30.55555556,52.22222222,4,1,2,6,4
58.31578947,30.55555556,57.77777778,4,1,2,6,4
58.31578947,30.55555556,63.33333333,4,1,2,6,4
58.31578947,30.55555556,68.88888889,4,1,2,6,4
58.31578947,30.55555556,74.44444444,4,1,2,6,4
58.31578947,30.55555556,80,4,1,2,6,4
58.31578947,32.77777778,30,4,1,2,6,4
58.31578947,32.77777778,35.55555556,4,1,2,6,4
58.31578947,32.77777778,41.11111111,4,1,2,6,4
58.31578947,32.77777778,46.66666667,4,1,2,6,4
58.31578947,32.77777778,52.22222222,4,1,2,6,4
58.31578947,32.77777778,57.77777778,4,1,2,6,4
58.31578947,32.77777778,63.33333333,4,1,2,6,4
58.31578947,32.77777778,68.88888889,4,1,2,6,4
58.31578947,32.77777778,74.44444444,4,1,2,6,4
58.31578947,32.77777778,80,4,1,2,6,4
58.31578947,35,30,3,1,1,5,3
58.31578947,35,35.55555556,3,1,1,5,3
58.31578947,35,41.11111111,3,1,1,5,3
58.31578947,35,46.66666667,3,1,1,5,3
58.31578947,35,52.22222222,3,1,1,5,3
58.31578947,35,57.77777778,3,1,1,5,3
58.31578947,35,63.33333333,3,1,1,5,3
58.31578947,35,68.88888889,3,1,1,5,3
58.31578947,35,74.44444444,3,1,1,5,3
58.31578947,35,80,3,1,1,5,3
63.52631579,15,30,8,5,6,10,8
63.52631579,15,35.55555556,8,5,6,10,8
63.52631579,15,41.11111111,8,5,6,10,8
63.52631579,15,46.66666667,8,5,6,10,8
63.52631579,15,52.22222222,8,5,6,10,8
63.52631579,15,57.77777778,8,5,6,10,8
63.52631579,15,63.33333333,8,5,6,10,8
63.52631579,15,68.88888889,8,5,6,10,8
63.52631579,15,74.44444444,8,5,6,10,8
63.52631579,15,80,8,5,6,10,8
63.52631579,17.22222222,30,7,4,5,9,7
63.52631579,17.22222222,35.55555556,7,4,5,9,7
63.52631579,17.22222222,41.11111111,7,4,5,9,7
63.52631579,17.22222222,46.66666667,7,4,5,9,7
63.52631579,17.22222222,52.22222222,7,4,5,9,7
63.52631579,17.22222222,57.77777778,7,4,5,9,7
63.52631579,17.22222222,63.33333333,7,4,5,9,7
63.52631579,17.22222222,68.88888889,7,4,5,9,7
63.52631579,17.22222222,74.44444444,7,4,5,9,7
63.52631579,17.22222222,80,7,4,5,9,7
63.52631579,19.44444444,30,7,4,5,9,7
63.52631579,19.44444444,35.55555556,7,4,5,9,7
63.52631579,19.44444444,41.11111111,7,4,5,9,7
63.52631579,19.44444444,46.66666667,7,4,5,9,7
63.52631579,19.44444444,52.22222222,7,4,5,9,7
63.52631579,19.44444444,57.77777778,7,4,5,9,7
63.52631579,19.44444444,63.33333333,7,4,5,9,7
63.52631579,19.44444444,68.88888889,7,4,5,9,7
63.52631579,19.44444444,74.44444444,7,4,5,9,7
63.52631579,19.44444444,80,7,4,5,9,7
63.52631579,21.66666667,30,6,3,4,8,6
63.52631579,21.66666667,35.55555556,6,3,4,8,6
63.52631579,21.66666667,41.11111111,6,3,4,8,6
63.52631579,21.66666667,46.66666667,6,3,4,8,6
63.52631579,21.66666667,52.22222222,6,3,4,8,6
63.52631579,21.66666667,57.77777778,6,3,4,8,6
63.52631579,21.66666667,63.33333333,6,3,4,8,6
63.52631579,21.66666667,68.88888889,6,3,4,8,6
63.52631579,21.66666667,74.44444444,6,3,4,8,6
63.52631579,21.66666667,80,6,3,4,8,6
63.52631579,23.88888889,30,6,3,4,8,6
63.52631579,23.88888889,35.55555556,6,3,4,8,6
63.52631579,23.88888889,41.11111111,6,3,4,8,6
63.52631579,23.88888889,46.66666667,6,3,4,8,6
63.52631579,23.88888889,52.22222222,6,3,4,8,6
63.52631579,23.88888889,57.77777778,6,3,4,8,6
63.52631579,23.88888889,63.33333333,6,3,4,8,6
63.52631579,23.88888889,68.88888889,6,3,4,8,6
63.52631579,23.88888889,74.44444444,6,3,4,8,6
63.52631579,23.88888889,80,6,3,4,8,6
63.52631579,26.11111111,30,6,3,4,8,6
63.52631579,26.11111111,35.55555556,6,3,4,8,6
63.52631579,26.11111111,41.11111111,6,3,4,8,6
63.52631579,26.11111111,46.66666667,6,3,4,8,6
63.52631579,26.11111111,52.22222222,6,3,4,8,6
63.52631579,26.11111111,57.77777778,6,3,4,8,6
63.52631579,26.11111111,63.33333333,6,3,4,8,6
63.52631579,26.11111111,68.88888889,6,3,4,8,6
63.52631579,26.11111111,74.44444444,6,3,4,8,6
63.52631579,26.11111111,80,6,3,4,8,6
63.52631579,28.33333333,30,6,3,4,8,6
63.52631579,28.33333333,35.55555556,6,3,4,8,6
63.52631579,28.33333333,41.11111111,6,3,4,8,6
63.52631579,28.33333333,46.66666667,6,3,4,8,6
63.52631579,28.33333333,52.22222222,6,3,4,8,6
63.52631579,28.33333333,57.77777778,6,3,4,8,6
63.52631579,28.33333333,63.33333333,6,3,4,8,6
63.52631579,28.33333333,68.88888889,6,3,4,8,6
63.52631579,28.33333333,74.44444444,6,3,4,8,6
63.52631579,28.33333333,80,6,3,4,8,6
63.52631579,30.55555556,30,5,2,3,7,5
63.52631579,30.55555556,35.55555556,5,2,3,7,5
63.52631579,30.55555556,41.11111111,5,2,3,7,5
63.52631579,30.55555556,46.66666667,5,2,3,7,5
63.52631579,30.55555556,52.22222222,5,2,3,7,5
63.52631579,30.55555556,57.77777778,5,2,3,7,5
63.52631579,30.55555556,63.33333333,5,2,3,7,5
63.52631579,30.55555556,68.88888889,5,2,3,7,5
63.52631579,30.55555556,74.44444444,5,2,3,7,5
63.52631579,30.55555556,80,5,2,3,7,5
63.52631579,32.77777778,30,5,2,3,7,5
63.52631579,32.77777778,35.55555556,5,2,3,7,5
63.52631579,32.77777778,41.11111111,5,2,3,7,5
63.52631579,32.77777778,46.66666667,5,2,3,7,5
63.52631579,32.77777778,52.22222222,5,2,3,7,5
63.52631579,32.77777778,57.77777778,5,2,3,7,5
63.52631579,32.77777778,63.33333333,5,2,3,7,5
63.52631579,32.77777778,68.88888889,5,2,3,7,5
63.52631579,32.77777778,74.44444444,5,2,3,7,5
63.52631579,32.77777778,80,5,2,3,7,5
63.52631579,35,30,4,1,2,6,4
63.52631579,35,35.55555556,4,1,2,6,4
63.52631579,35,41.11111111,4,1,2,6,4
63.52631579,35,46.66666667,4,1,2,6,4
63.52631579,35,52.22222222,4,1,2,6,4
63.52631579,35,57.77777778,4,1,2,6,4
63.52631579,35,63.33333333,4,1,2,6,4
63.52631579,35,68.88888889,4,1,2,6,4
63.52631579,35,74.44444444,4,1,2,6,4
63.52631579,35,80,4,1,2,6,4
68.73684211,15,30,8,5,6,10,8
68.73684211,15,35.55555556,8,5,6,10,8
68.73684211,15,41.11111111,8,5,6,10,8
68.73684211,15,46.66666667,8,5,6,10,8
68.73684211,15,52.22222222,8,5,6,10,8
68.73684211,15,57.77777778,8,5,6,10,8
68.73684211,15,63.33333333,8,5,6,10,8
68.73684211,15,68.88888889,8,5,6,10,8
68.73684211,15,74.44444444,8,5,6,10,8
68.73684211,15,80,8,5,6,10,8
68.73684211,17.22222222,30,7,4,5,9,7
68.73684211,17.22222222,35.55555556,7,4,5,9,7
68.73684211,17.22222222,41.11111111,7,4,5,9,7
68.73684211,17.22222222,46.66666667,7,4,5,9,7
68.73684211,17.22222222,52.22222222,7,4,5,9,7
68.73684211,17.22222222,57.77777778,7,4,5,9,7
68.73684211,17.22222222,63.33333333,7,4,5,9,7
68.73684211,17.22222222,68.88888889,7,4,5,9,7
68.73684211,17.22222222,74.44444444,7,4,5,9,7
68.73684211,17.22222222,80,7,4,5,9,7
68.73684211,19.44444444,30,7,4,5,9,7
68.73684211,19.44444444,35.55555556,7,4,5,9,7
68.73684211,19.44444444,41.11111111,7,4,5,9,7
68.73684211,19.44444444,46.66666667,7,4,5,9,7
68.73684211,19.44444444,52.22222222,7,4,5,9,7
68.73684211,19.44444444,57.77777778,7,4,5,9,7
68.73684211,19.44444444,63.33333333,7,4,5,9,7
68.73684211,19.44444444,68.88888889,7,4,5,9,7
68.73684211,19.44444444,74.44444444,7,4,5,9,7
68.73684211,19.44444444,80,7,4,5,9,7
68.73684211,21.66666667,30,6,3,4,8,6
68.73684211,21.66666667,35.55555556,6,3,4,8,6
68.73684211,21.66666667,41.11111111,6,3,4,8,6
68.73684211,21.66666667,46.66666667,6,3,4,8,6
68.73684211,21.66666667,52.22222222,6,3,4,8,6
68.73684211,21.66666667,57.77777778,6,3,4,8,6
68.73684211,21.66666667,63.33333333,6,3,4,8,6
68.73684211,21.66666667,68.88888889,6,3,4,8,6
68.73684211,21.66666667,74.44444444,6,3,4,8,6
68.73684211,21.66666667,80,6,3,4,8,6
68.73684211,23.88888889,30,6,3,4,8,6
68.73684211,23.88888889,35.55555556,6,3,4,8,6
68.73684211,23.88888889,41.11111111,6,3,4,8,6
68.73684211,23.88888889,46.66666667,6,3,4,8,6
68.73684211,23.88888889,52.22222222,6,3,4,8,6
68.73684211,23.88888889,57.77777778,6,3,4,8,6
68.73684211,23.88888889,63.33333333,6,3,4,8,6
68.73684211,23.88888889,68.88888889,6,3,4,8,6
68.73684211,23.88888889,74.44444444,6,3,4,8,6
68.73684211,23.88888889,80,6,3,4,8,6
68.73684211,26.11111111,30,6,3,4,8,6
68.73684211,26.11111111,35.55555556,6,3,4,8,6
68.73684211,26.11111111,41.11111111,6,3,4,8,6
68.73684211,26.11111111,46.66666667,6,3,4,8,6
68.73684211,26.11111111,52.22222222,6,3,4,8,6
68.73684211,26.11111111,57.77777778,6,3,4,8,6
68.73684211,26.11111111,63.33333333,6,3,4,8,6
68.73684211,26.11111111,68.88888889,6,3,4,8,6
68.73684211,26.11111111,74.44444444,6,3,4,8,6
68.73684211,26.11111111,80,6,3,4,8,6
68.73684211,28.33333333,30,6,3,4,8,6
68.73684211,28.33333333,35.55555556,6,3,4,8,6
68.73684211,28.33333333,41.11111111,6,3,4,8,6
68.73684211,28.33333333,46.66666667,6,3,4,8,6
68.73684211,28.33333333,52.22222222,6,3,4,8,6
68.73684211,28.33333333,57.77777778,6,3,4,8,6
68.73684211,28.33333333,63.33333333,6,3,4,8,6
68.73684211,28.33333333,68.88888889,6,3,4,8,6
68.73684211,28.33333333,74.44444444,6,3,4,8,6
68.73684211,28.33333333,80,6,3,4,8,6
68.73684211,30.55555556,30,5,2,3,7,5
68.73684211,30.55555556,35.55555556,5,2,3,7,5
68.73684211,30.55555556,41.11111111,5,2,3,7,5
68.73684211,30.55555556,46.66666667,5,2,3,7,5
68.73684211,30.55555556,52.22222222,5,2,3,7,5
68.73684211,30.55555556,57.77777778,5,2,3,7,5
68.73684211,30.55555556,63.33333333,5,2,3,7,5
68.73684211,30.55555556,68.88888889,5,2,3,7,5
68.73684211,30.55555556,74.44444444,5,2,3,7,5
68.73684211,30.55555556,80,5,2,3,7,5
68.73684211,32.77777778,30,5,2,3,7,5
68.73684211,32.77777778,35.55555556,5,2,3,7,5
68.73684211,32.77777778,41.11111111,5,2,3,7,5
68.73684211,32.77777778,46.66666667,5,2,3,7,5
68.73684211,32.77777778,52.22222222,5,2,3,7,5
68.73684211,32.77777778,57.77777778,5,2,3,7,5
68.73684211,32.77777778,63.33333333,5,2,3,7,5
68.73684211,32.77777778,68.88888889,5,2,3,7,5
68.73684211,32.77777778,74.44444444,5,2,3,7,5
68.73684211,32.77777778,80,5,2,3,7,5
68.73684211,35,30,4,1,2,6,4
68.73684211,35,35.55555556,4,1,2,6,4
68.73684211,35,41.11111111,4,1,2,6,4
68.73684211,35,46.66666667,4,1,2,6,4
68.73684211,35,52.22222222,4,1,2,6,4
68.73684211,35,57.77777778,4,1,2,6,4
68.73684211,35,63.33333333,4,1,2,6,4
68.73684211,35,68.88888889,4,1,2,6,4
68.73684211,35,74.44444444,4,1,2,6,4
68.73684211,35,80,4,1,2,6,4
73.94736842,15,30,9,6,7,11,9
73.94736842,15,35.55555556,9,6,7,11,9
73.94736842,15,41.11111111,9,6,7,11,9
73.94736842,15,46.66666667,9,6,7,11,9
73.94736842,15,52.22222222,9,6,7,11,9
73.94736842,15,57.77777778,9,6,7,11,9
73.94736842,15,63.33333333,9,6,7,11,9
73.94736842,15,68.88888889,9,6,7,11,9
73.94736842,15,74.44444444,9,6,7,11,9
73.94736842,15,80,9,6,7,11,9
73.94736842,17.22222222,30,8,5,6,10,8
73.94736842,17.22222222,35.55555556,8,5,6,10,8
73.94736842,17.22222222,41.11111111,8,5,6,10,8
73.94736842,17.22222222,46.66666667,8,5,6,10,8
73.94736842,17.22222222,52.22222222,8,5,6,10,8
73.94736842,17.22222222,57.77777778,8,5,6,10,8
73.94736842,17.22222222,63.33333333,8,5,6,10,8
73.94736842,17.22222222,68.88888889,8,5,6,10,8
73.94736842,17.22222222,74.44444444,8,5,6,10,8
73.94736842,17.22222222,80,8,5,6,10,8
73.94736842,19.44444444,30,8,5,6,10,8
73.94736842,19.44444444,35.55555556,8,5,6,10,8
73.94736842,19.44444444,41.11111111,8,5,6,10,8
73.94736842,19.44444444,46.66666667,8,5,6,10,8
73.94736842,19.44444444,52.22222222,8,5,6,10,8
73.94736842,19.44444444,57.77777778,8,5,6,10,8
73.94736842,19.44444444,63.33333333,8,5,6,10,8
73.94736842,19.44444444,68.88888889,8,5,6,10,8
73.94736842,19.44444444,74.44444444,8,5,6,10,8
73.94736842,19.44444444,80,8,5,6,10,8
73.94736842,21.66666667,30,7,4,5,9,7
73.94736842,21.66666667,35.55555556,7,4,5,9,7
73.94736842,21.66666667,41.11111111,7,4,5,9,7
73.94736842,21.66666667,46.66666667,7,4,5,9,7
73.94736842,21.66666667,52.22222222,7,4,5,9,7
73.94736842,21.66666667,57.77777778,7,4,5,9,7
73.94736842,21.66666667,63.33333333,7,4,5,9,7
73.94736842,21.66666667,68.88888889,7,4,5,9,7
73.94736842,21.66666667,74.44444444,7,4,5,9,7
73.94736842,21.66666667,80,7,4,5,9,7
73.94736842,23.88888889,30,7,4,5,9,7
73.94736842,23.88888889,35.55555556,7,4,5,9,7
73.94736842,23.88888889,41.11111111,7,4,5,9,7
73.94736842,23.88888889,46.66666667,7,4,5,9,7
73.94736842,23.88888889,52.22222222,7,4,5,9,7
73.94736842,23.88888889,57.77777778,7,4,5,9,7
73.94736842,23.88888889,63.33333333,7,4,5,9,7
73.94736842,23.88888889,68.88888889,7,4,5,9,7
73.94736842,23.88888889,74.44444444,7,4,5,9,7
73.94736842,23.88888889,80,7,4,5,9,7
73.94736842,26.11111111,30,7,4,5,9,7
73.94736842,26.11111111,35.55555556,7,4,5,9,7
73.94736842,26.11111111,41.11111111,7,4,5,9,7
73.94736842,26.11111111,46.66666667,7,4,5,9,7
73.94736842,26.11111111,52.22222222,7,4,5,9,7
73.94736842,26.11111111,57.77777778,7,4,5,9,7
73.94736842,26.11111111,63.33333333,7,4,5,9,7
73.94736842,26.11111111,68.88888889,7,4,5,9,7
73.94736842,26.11111111,74.44444444,7,4,5,9,7
73.94736842,26.11111111,80,7,4,5,9,7
73.94736842,28.33333333,30,7,4,5,9,7
73.94736842,28.33333333,35.55555556,7,4,5,9,7
73.94736842,28.33333333,41.11111111,7,4,5,9,7
73.94736842,28.33333333,46.66666667,7,4,5,9,7
73.94736842,28.33333333,52.22222222,7,4,5,9,7
73.94736842,28.33333333,57.77777778,7,4,5,9,7
73.94736842,28.33333333,63.33333333,7,4,5,9,7
73.94736842,28.33333333,68.88888889,7,4,5,9,7
73.94736842,28.33333333,74.44444444,7,4,5,9,7
73.94736842,28.33333333,80,7,4,5,9,7
73.94736842,30.55555556,30,6,3,4,8,6
73.94736842,30.55555556,35.55555556,6,3,4,8,6
73.94736842,30.55555556,41.11111111,6,3,4,8,6
73.94736842,30.55555556,46.66666667,6,3,4,8,6
73.94736842,30.55555556,52.22222222,6,3,4,8,6
73.94736842,30.55555556,57.77777778,6,3,4,8,6
73.94736842,30.55555556,63.33333333,6,3,4,8,6
73.94736842,30.55555556,68.88888889,6,3,4,8,6
73.94736842,30.55555556,74.44444444,6,3,4,8,6
73.94736842,30.55555556,80,6,3,4,8,6
73.94736842,32.77777778,30,6,3,4,8,6
73.94736842,32.77777778,35.55555556,6,3,4,8,6
73.94736842,32.77777778,41.11111111,6,3,4,8,6
73.94736842,32.77777778,46.66666667,6,3,4,8,6
73.94736842,32.77777778,52.22222222,6,3,4,8,6
73.94736842,32.77777778,57.77777778,6,3,4,8,6
73.94736842,32.77777778,63.33333333,6,3,4,8,6
73.94736842,32.77777778,68.88888889,6,3,4,8,6
73.94736842,32.77777778,74.44444444,6,3,4,8,6
73.94736842,32.77777778,80,6,3,4,8,6
73.94736842,35,30,5,2,3,7,5
73.94736842,35,35.55555556,5,2,3,7,5
73.94736842,35,41.11111111,5,2,3,7,5
73.94736842,35,46.66666667,5,2,3,7,5
73.94736842,35,52.22222222,5,2,3,7,5
73.94736842,35,57.77777778,5,2,3,7,5
73.94736842,35,63.33333333,5,2,3,7,5
73.94736842,35,68.88888889,5,2,3,7,5
73.94736842,35,74.44444444,5,2,3,7,5
73.94736842,35,80,5,2,3,7,5
79.15789474,15,30,9,6,7,11,9
79.15789474,15,35.55555556,9,6,7,11,9
79.15789474,15,41.11111111,9,6,7,11,9
79.15789474,15,46.66666667,9,6,7,11,9
79.15789474,15,52.22222222,9,6,7,11,9
79.15789474,15,57.77777778,9,6,7,11,9
79.15789474,15,63.33333333,9,6,7,11,9
79.15789474,15,68.88888889,9,6,7,11,9
79.15789474,15,74.44444444,9,6,7,11,9
79.15789474,15,80,9,6,7,11,9
79.15789474,17.22222222,30,8,5,6,10,8
79.15789474,17.22222222,35.55555556,8,5,6,10,8
79.15789474,17.22222222,41.11111111,8,5,6,10,8
79.15789474,17.22222222,46.66666667,8,5,6,10,8
79.15789474,17.22222222,52.22222222,8,5,6,10,8
79.15789474,17.22222222,57.77777778,8,5,6,10,8
79.15789474,17.22222222,63.33333333,8,5,6,10,8
79.15789474,17.22222222,68.88888889,8,5,6,10,8
79.15789474,17.22222222,74.44444444,8,5,6,10,8
79.15789474,17.22222222,80,8,5,6,10,8
79.15789474,19.44444444,30,8,5,6,10,8
79.15789474,19.44444444,35.55555556,8,5,6,10,8
79.15789474,19.44444444,41.11111111,8,5,6,10,8
79.15789474,19.44444444,46.66666667,8,5,6,10,8
79.15789474,19.44444444,52.22222222,8,5,6,10,8
79.15789474,19.44444444,57.77777778,8,5,6,10,8
79.15789474,19.44444444,63.33333333,8,5,6,10,8
79.15789474,19.44444444,68.88888889,8,5,6,10,8
79.15789474,19.44444444,74.44444444,8,5,6,10,8
79.15789474,19.44444444,80,8,5,6,10,8
79.15789474,21.66666667,30,7,4,5,9,7
79.15789474,21.66666667,35.55555556,7,4,5,9,7
79.15789474,21.66666667,41.11111111,7,4,5,9,7
79.15789474,21.66666667,46.66666667,7,4,5,9,7
79.15789474,21.66666667,52.22222222,7,4,5,9,7
79.15789474,21.66666667,57.77777778,7,4,5,9,7
79.15789474,21.66666667,63.33333333,7,4,5,9,7
79.15789474,21.66666667,68.88888889,7,4,5,9,7
79.15789474,21.66666667,74.44444444,7,4,5,9,7
79.15789474,21.66666667,80,7,4,5,9,7
79.15789474,23.88888889,30,7,4,5,9,7
79.15789474,23.88888889,35.55555556,7,4,5,9,7
79.15789474,23.88888889,41.11111111,7,4,5,9,7
79.15789474,23.88888889,46.66666667,7,4,5,9,7
79.15789474,23.88888889,52.22222222,7,4,5,9,7
79.15789474,23.88888889,57.77777778,7,4,5,9,7
79.15789474,23.88888889,63.33333333,7,4,5,9,7
79.15789474,23.88888889,68.88888889,7,4,5,9,7
79.15789474,23.88888889,74.44444444,7,4,5,9,7
79.15789474,23.88888889,80,7,4,5,9,7
79.15789474,26.11111111,30,7,4,5,9,7
79.15789474,26.11111111,35.55555556,7,4,5,9,7
79.15789474,26.11111111,41.11111111,7,4,5,9,7
79.15789474,26.11111111,46.66666667,7,4,5,9,7
79.15789474,26.11111111,52.22222222,7,4,5,9,7
79.15789474,26.11111111,57.77777778,7,4,5,9,7
79.15789474,26.11111111,63.33333333,7,4,5,9,7
79.15789474,26.11111111,68.88888889,7,4,5,9,7
79.15789474,26.11111111,74.44444444,7,4,5,9,7
79.15789474,26.11111111,80,7,4,5,9,7
79.15789474,28.33333333,30,7,4,5,9,7
79.15789474,28.33333333,35.55555556,7,4,5,9,7
79.15789474,28.33333333,41.11111111,7,4,5,9,7
79.15789474,28.33333333,46.66666667,7,4,5,9,7
79.15789474,28.33333333,52.22222222,7,4,5,9,7
79.15789474,28.33333333,57.77777778,7,4,5,9,7
79.15789474,28.33333333,63.33333333,7,4,5,9,7
79.15789474,28.33333333,68.88888889,7,4,5,9,7
79.15789474,28.33333333,74.44444444,7,4,5,9,7
79.15789474,28.33333333,80,7,4,5,9,7
79.15789474,30.55555556,30,6,3,4,8,6
79.15789474,30.55555556,35.55555556,6,3,4,8,6
79.15789474,30.55555556,41.11111111,6,3,4,8,6
79.15789474,30.55555556,46.66666667,6,3,4,8,6
79.15789474,30.55555556,52.22222222,6,3,4,8,6
79.15789474,30.55555556,57.77777778,6,3,4,8,6
79.15789474,30.55555556,63.33333333,6,3,4,8,6
79.15789474,30.55555556,68.88888889,6,3,4,8,6
79.15789474,30.55555556,74.44444444,6,3,4,8,6
79.15789474,30.55555556,80,6,3,4,8,6
79.15789474,32.77777778,30,6,3,4,8,6
79.15789474,32.77777778,35.55555556,6,3,4,8,6
79.15789474,32.77777778,41.11111111,6,3,4,8,6
79.15789474,32.77777778,46.66666667,6,3,4,8,6
79.15789474,32.77777778,52.22222222,6,3,4,8,6
79.15789474,32.77777778,57.77777778,6,3,4,8,6
79.15789474,32.77777778,63.33333333,6,3,4,8,6
79.15789474,32.77777778,68.88888889,6,3,4,8,6
79.15789474,32.77777778,74.44444444,6,3,4,8,6
79.15789474,32.77777778,80,6,3,4,8,6
79.15789474,35,30,5,2,3,7,5
79.15789474,35,35.55555556,5,2,3,7,5
79.15789474,35,41.11111111,5,2,3,7,5
79.15789474,35,46.66666667,5,2,3,7,5
79.15789474,35,52.22222222,5,2,3,7,5
79.15789474,35,57.77777778,5,2,3,7,5
79.15789474,35,63.33333333,5,2,3,7,5
79.15789474,35,68.88888889,5,2,3,7,5
79.15789474,35,74.44444444,5,2,3,7,5
79.15789474,35,80,5,2,3,7,5
84.36842105,15,30,10,7,8,12,10
84.36842105,15,35.55555556,10,7,8,12,10
84.36842105,15,41.11111111,10,7,8,12,10
84.36842105,15,46.66666667,10,7,8,12,10
84.36842105,15,52.22222222,10,7,8,12,10
84.36842105,15,57.77777778,10,7,8,12,10
84.36842105,15,63.33333333,10,7,8,12,10
84.36842105,15,68.88888889,10,7,8,12,10
84.36842105,15,74.44444444,10,7,8,12,10
84.36842105,15,80,10,7,8,12,10
84.36842105,17.22222222,30,9,6,7,11,9
84.36842105,17.22222222,35.55555556,9,6,7,11,9
84.36842105,17.22222222,41.11111111,9,6,7,11,9
84.36842105,17.22222222,46.66666667,9,6,7,11,9
84.36842105,17.22222222,52.22222222,9,6,7,11,9
84.36842105,17.22222222,57.77777778,9,6,7,11,9
84.36842105,17.22222222,63.33333333,9,6,7,11,9
84.36842105,17.22222222,68.88888889,9,6,7,11,9
84.36842105,17.22222222,74.44444444,9,6,7,11,9
84.36842105,17.22222222,80,9,6,7,11,9
84.36842105,19.44444444,30,9,6,7,11,9
84.36842105,19.44444444,35.55555556,9,6,7,11,9
84.36842105,19.44444444,41.11111111,9,6,7,11,9
84.36842105,19.44444444,46.66666667,9,6,7,11,9
84.36842105,19.44444444,52.22222222,9,6,7,11,9
84.36842105,19.44444444,57.77777778,9,6,7,11,9
84.36842105,19.44444444,63.33333333,9,6,7,11,9
84.36842105,19.44444444,68.88888889,9,6,7,11,9
84.36842105,19.44444444,74.44444444,9,6,7,11,9
84.36842105,19.44444444,80,9,6,7,11,9
84.36842105,21.66666667,30,8,5,6,10,8
84.36842105,21.66666667,35.55555556,8,5,6,10,8
84.36842105,21.66666667,41.11111111,8,5,6,10,8
84.36842105,21.66666667,46.66666667,8,5,6,10,8
84.36842105,21.66666667,52.22222222,8,5,6,10,8
84.36842105,21.66666667,57.77777778,8,5,6,10,8
84.36842105,21.66666667,63.33333333,8,5,6,10,8
84.36842105,21.66666667,68.88888889,8,5,6,10,8
84.36842105,21.66666667,74.44444444,8,5,6,10,8
84.36842105,21.66666667,80,8,5,6,10,8
84.36842105,23.88888889,30,8,5,6,10,8
84.36842105,23.88888889,35.55555556,8,5,6,10,8
84.36842105,23.88888889,41.11111111,8,5,6,10,8
84.36842105,23.88888889,46.66666667,8,5,6,10,8
84.36842105,23.88888889,52.22222222,8,5,6,10,8
84.36842105,23.88888889,57.77777778,8,5,6,10,8
84.36842105,23.88888889,63.33333333,8,5,6,10,8
84.36842105,23.88888889,68.88888889,8,5,6,10,8
84.36842105,23.88888889,74.44444444,8,5,6,10,8
84.36842105,23.88888889,80,8,5,6,10,8
84.36842105,26.11111111,30,8,5,6,10,8
84.36842105,26.11111111,35.55555556,8,5,6,10,8
84.36842105,26.11111111,41.11111111,8,5,6,10,8
84.36842105,26.11111111,46.66666667,8,5,6,10,8
84.36842105,26.11111111,52.22222222,8,5,6,10,8
84.36842105,26.11111111,57.77777778,8,5,6,10,8
84.36842105,26.11111111,63.33333333,8,5,6,10,8
84.36842105,26.11111111,68.88888889,8,5,6,10,8
84.36842105,26.11111111,74.44444444,8,5,6,10,8
84.36842105,26.11111111,80,8,5,6,10,8
84.36842105,28.33333333,30,8,5,6,10,8
84.36842105,28.33333333,35.55555556,8,5,6,10,8
84.36842105,28.33333333,41.11111111,8,5,6,10,8
84.36842105,28.33333333,46.66666667,8,5,6,10,8
84.36842105,28.33333333,52.22222222,8,5,6,10,8
84.36842105,28.33333333,57.77777778,8,5,6,10,8
84.36842105,28.33333333,63.33333333,8,5,6,10,8
84.36842105,28.33333333,68.88888889,8,5,6,10,8
84.36842105,28.33333333,74.44444444,8,5,6,10,8
84.36842105,28.33333333,80,8,5,6,10,8
84.36842105,30.55555556,30,7,4,5,9,7
84.36842105,30.55555556,35.55555556,7,4,5,9,7
84.36842105,30.55555556,41.11111111,7,4,5,9,7
84.36842105,30.55555556,46.66666667,7,4,5,9,7
84.36842105,30.55555556,52.22222222,7,4,5,9,7
84.36842105,30.55555556,57.77777778,7,4,5,9,7
84.36842105,30.55555556,63.33333333,7,4,5,9,7
84.36842105,30.55555556,68.88888889,7,4,5,9,7
84.36842105,30.55555556,74.44444444,7,4,5,9,7
84.36842105,30.55555556,80,7,4,5,9,7
84.36842105,32.77777778,30,7,4,5,9,7
84.36842105,32.77777778,35.55555556,7,4,5,9,7
84.36842105,32.77777778,41.11111111,7,4,5,9,7
84.36842105,32.77777778,46.66666667,7,4,5,9,7
84.36842105,32.77777778,52.22222222,7,4,5,9,7
84.36842105,32.77777778,57.77777778,7,4,5,9,7
84.36842105,32.77777778,63.33333333,7,4,5,9,7
84.36842105,32.77777778,68.88888889,7,4,5,9,7
84.36842105,32.77777778,74.44444444,7,4,5,9,7
84.36842105,32.77777778,80,7,4,5,9,7
84.36842105,35,30,6,3,4,8,6
84.36842105,35,35.55555556,6,3,4,8,6
84.36842105,35,41.11111111,6,3,4,8,6
84.36842105,35,46.66666667,6,3,4,8,6
84.36842105,35,52.22222222,6,3,4,8,6
84.36842105,35,57.77777778,6,3,4,8,6
84.36842105,35,63.33333333,6,3,4,8,6
84.36842105,35,68.88888889,6,3,4,8,6
84.36842105,35,74.44444444,6,3,4,8,6
84.36842105,35,80,6,3,4,8,6
89.57894737,15,30,10,7,8,12,10
89.57894737,15,35.55555556,10,7,8,12,10
89.57894737,15,41.11111111,10,7,8,12,10
89.57894737,15,46.66666667,10,7,8,12,10
89.57894737,15,52.22222222,10,7,8,12,10
89.57894737,15,57.77777778,10,7,8,12,10
89.57894737,15,63.33333333,10,7,8,12,10
89.57894737,15,68.88888889,10,7,8,12,10
89.57894737,15,74.44444444,10,7,8,12,10
89.57894737,15,80,10,7,8,12,10
89.57894737,17.22222222,30,9,6,7,11,9
89.57894737,17.22222222,35.55555556,9,6,7,11,9
89.57894737,17.22222222,41.11111111,9,6,7,11,9
89.57894737,17.22222222,46.66666667,9,6,7,11,9
89.57894737,17.22222222,52.22222222,9,6,7,11,9
89.57894737,17.22222222,57.77777778,9,6,7,11,9
89.57894737,17.22222222,63.33333333,9,6,7,11,9
89.57894737,17.22222222,68.88888889,9,6,7,11,9
89.57894737,17.22222222,74.44444444,9,6,7,11,9
89.57894737,17.22222222,80,9,6,7,11,9
89.57894737,19.44444444,30,9,6,7,11,9
89.57894737,19.44444444,35.55555556,9,6,7,11,9
89.57894737,19.44444444,41.11111111,9,6,7,11,9
89.57894737,19.44444444,46.66666667,9,6,7,11,9
89.57894737,19.44444444,52.22222222,9,6,7,11,9
89.57894737,19.44444444,57.77777778,9,6,7,11,9
89.57894737,19.44444444,63.33333333,9,6,7,11,9
89.57894737,19.44444444,68.88888889,9,6,7,11,9
89.57894737,19.44444444,74.44444444,9,6,7,11,9
89.57894737,19.44444444,80,9,6,7,11,9
89.57894737,21.66666667,30,8,5,6,10,8
89.57894737,21.66666667,35.55555556,8,5,6,10,8
89.57894737,21.66666667,41.11111111,8,5,6,10,8
89.57894737,21.66666667,46.66666667,8,5,6,10,8
89.57894737,21.66666667,52.22222222,8,5,6,10,8
89.57894737,21.66666667,57.77777778,8,5,6,10,8
89.57894737,21.66666667,63.33333333,8,5,6,10,8
89.57894737,21.66666667,68.88888889,8,5,6,10,8
89.57894737,21.66666667,74.44444444,8,5,6,10,8
89.57894737,21.66666667,80,8,5,6,10,8
89.57894737,23.88888889,30,8,5,6,10,8
89.57894737,23.88888889,35.55555556,8,5,6,10,8
89.57894737,23.88888889,41.11111111,8,5,6,10,8
89.57894737,23.88888889,46.66666667,8,5,6,10,8
89.57894737,23.88888889,52.22222222,8,5,6,10,8
89.57894737,23.88888889,57.77777778,8,5,6,10,8
89.57894737,23.88888889,63.33333333,8,5,6,10,8
89.57894737,23.88888889,68.88888889,8,5,6,10,8
89.57894737,23.88888889,74.44444444,8,5,6,10,8
89.57894737,23.88888889,80,8,5,6,10,8
89.57894737,26.11111111,30,8,5,6,10,8
89.57894737,26.11111111,35.55555556,8,5,6,10,8
89.57894737,26.11111111,41.11111111,8,5,6,10,8
89.57894737,26.11111111,46.66666667,8,5,6,10,8
89.57894737,26.11111111,52.22222222,8,5,6,10,8
89.57894737,26.11111111,57.77777778,8,5,6,10,8
89.57894737,26.11111111,63.33333333,8,5,6,10,8
89.57894737,26.11111111,68.88888889,8,5,6,10,8
89.57894737,26.11111111,74.44444444,8,5,6,10,8
89.57894737,26.11111111,80,8,5,6,10,8
89.57894737,28.33333333,30,8,5,6,10,8
89.57894737,28.33333333,35.55555556,8,5,6,10,8
89.57894737,28.33333333,41.11111111,8,5,6,10,8
89.57894737,28.33333333,46.66666667,8,5,6,10,8
89.57894737,28.33333333,52.22222222,8,5,6,10,8
89.57894737,28.33333333,57.77777778,8,5,6,10,8
89.57894737,28.33333333,63.33333333,8,5,6,10,8
89.57894737,28.33333333,68.88888889,8,5,6,10,8
89.57894737,28.33333333,74.44444444,8,5,6,10,8
89.57894737,28.33333333,80,8,5,6,10,8
89.57894737,30.55555556,30,7,4,5,9,7
89.57894737,30.55555556,35.55555556,7,4,5,9,7
89.57894737,30.55555556,41.11111111,7,4,5,9,7
89.57894737,30.55555556,46.66666667,7,4,5,9,7
89.57894737,30.55555556,52.22222222,7,4,5,9,7
89.57894737,30.55555556,57.77777778,7,4,5,9,7
89.57894737,30.55555556,63.33333333,7,4,5,9,7
89.57894737,30.55555556,68.88888889,7,4,5,9,7
89.57894737,30.55555556,74.44444444,7,4,5,9,7
89.57894737,30.55555556,80,7,4,5,9,7
89.57894737,32.77777778,30,7,4,5,9,7
89.57894737,32.77777778,35.55555556,7,4,5,9,7
89.57894737,32.77777778,41.11111111,7,4,5,9,7
89.57894737,32.77777778,46.66666667,7,4,5,9,7
89.57894737,32.77777778,52.22222222,7,4,5,9,7
89.57894737,32.77777778,57.77777778,7,4,5,9,7
89.57894737,32.77777778,63.33333333,7,4,5,9,7
89.57894737,32.77777778,68.88888889,7,4,5,9,7
89.57894737,32.77777778,74.44444444,7,4,5,9,7
89.57894737,32.77777778,80,7,4,5,9,7
89.57894737,35,30,6,3,4,8,6
89.57894737,35,35.55555556,6,3,4,8,6
89.57894737,35,41.11111111,6,3,4,8,6
89.57894737,35,46.66666667,6,3,4,8,6
89.57894737,35,52.22222222,6,3,4,8,6
89.57894737,35,57.77777778,6,3,4,8,6
89.57894737,35,63.33333333,6,3,4,8,6
89.57894737,35,68.88888889,6,3,4,8,6
89.57894737,35,74.44444444,6,3,4,8,6
89.57894737,35,80,6,3,4,8,6
94.78947368,15,30,11,8,9,13,11
94.78947368,15,35.55555556,11,8,9,13,11
94.78947368,15,41.11111111,11,8,9,13,11
94.78947368,15,46.66666667,11,8,9,13,11
94.78947368,15,52.22222222,11,8,9,13,11
94.78947368,15,57.77777778,11,8,9,13,11
94.78947368,15,63.33333333,11,8,9,13,11
94.78947368,15,68.88888889,11,8,9,13,11
94.78947368,15,74.44444444,11,8,9,13,11
94.78947368,15,80,11,8,9,13,11
94.78947368,17.22222222,30,10,7,8,12,10
94.78947368,17.22222222,35.55555556,10,7,8,12,10
94.78947368,17.22222222,41.11111111,10,7,8,12,10
94.78947368,17.22222222,46.66666667,10,7,8,12,10
94.78947368,17.22222222,52.22222222,10,7,8,12,10
94.78947368,17.22222222,57.77777778,10,7,8,12,10
94.78947368,17.22222222,63.33333333,10,7,8,12,10
94.78947368,17.22222222,68.88888889,10,7,8,12,10
94.78947368,17.22222222,74.44444444,10,7,8,12,10
94.78947368,17.22222222,80,10,7,8,12,10
94.78947368,19.44444444,30,10,7,8,12,10
94.78947368,19.44444444,35.55555556,10,7,8,12,10
94.78947368,19.44444444,41.11111111,10,7,8,12,10
94.78947368,19.44444444,46.66666667,10,7,8,12,10
94.78947368,19.44444444,52.22222222,10,7,8,12,10
94.78947368,19.44444444,57.77777778,10,7,8,12,10
94.78947368,19.44444444,63.33333333,10,7,8,12,10
94.78947368,19.44444444,68.88888889,10,7,8,12,10
94.78947368,19.44444444,74.44444444,10,7,8,12,10
94.78947368,19.44444444,80,10,7,8,12,10
94.78947368,21.66666667,30,9,6,7,11,9
94.78947368,21.66666667,35.55555556,9,6,7,11,9
94.78947368,21.66666667,41.11111111,9,6,7,11,9
94.78947368,21.66666667,46.66666667,9,6,7,11,9
94.78947368,21.66666667,52.22222222,9,6,7,11,9
94.78947368,21.66666667,57.77777778,9,6,7,11,9
94.78947368,21.66666667,63.33333333,9,6,7,11,9
94.78947368,21.66666667,68.88888889,9,6,7,11,9
94.78947368,21.66666667,74.44444444,9,6,7,11,9
94.78947368,21.66666667,80,9,6,7,11,9
94.78947368,23.88888889,30,9,6,7,11,9
94.78947368,23.88888889,35.55555556,9,6,7,11,9
94.78947368,23.88888889,41.11111111,9,6,7,11,9
94.78947368,23.88888889,46.66666667,9,6,7,11,9
94.78947368,23.88888889,52.22222222,9,6,7,11,9
94.78947368,23.88888889,57.77777778,9,6,7,11,9
94.78947368,23.88888889,63.33333333,9,6,7,11,9
94.78947368,23.88888889,68.88888889,9,6,7,11,9
94.78947368,23.88888889,74.44444444,9,6,7,11,9
94.78947368,23.88888889,80,9,6,7,11,9
94.78947368,26.11111111,30,9,6,7,11,9
94.78947368,26.11111111,35.55555556,9,6,7,11,9
94.78947368,26.11111111,41.11111111,9,6,7,11,9
94.78947368,26.11111111,46.66666667,9,6,7,11,9
94.78947368,26.11111111,52.22222222,9,6,7,11,9
94.78947368,26.11111111,57.77777778,9,6,7,11,9
94.78947368,26.11111111,63.33333333,9,6,7,11,9
94.78947368,26.11111111,68.88888889,9,6,7,11,9
94.78947368,26.11111111,74.44444444,9,6,7,11,9
94.78947368,26.11111111,80,9,6,7,11,9
94.78947368,28.33333333,30,9,6,7,11,9
94.78947368,28.33333333,35.55555556,9,6,7,11,9
94.78947368,28.33333333,41.11111111,9,6,7,11,9
94.78947368,28.33333333,46.66666667,9,6,7,11,9
94.78947368,28.33333333,52.22222222,9,6,7,11,9
94.78947368,28.33333333,57.77777778,9,6,7,11,9
94.78947368,28.33333333,63.33333333,9,6,7,11,9
94.78947368,28.33333333,68.88888889,9,6,7,11,9
94.78947368,28.33333333,74.44444444,9,6,7,11,9
94.78947368,28.33333333,80,9,6,7,11,9
94.78947368,30.55555556,30,8,5,6,10,8
94.78947368,30.55555556,35.55555556,8,5,6,10,8
94.78947368,30.55555556,41.11111111,8,5,6,10,8
94.78947368,30.55555556,46.66666667,8,5,6,10,8
94.78947368,30.55555556,52.22222222,8,5,6,10,8
94.78947368,30.55555556,57.77777778,8,5,6,10,8
94.78947368,30.55555556,63.33333333,8,5,6,10,8
94.78947368,30.55555556,68.88888889,8,5,6,10,8
94.78947368,30.55555556,74.44444444,8,5,6,10,8
94.78947368,30.55555556,80,8,5,6,10,8
94.78947368,32.77777778,30,8,5,6,10,8
94.78947368,32.77777778,35.55555556,8,5,6,10,8
94.78947368,32.77777778,41.11111111,8,5,6,10,8
94.78947368,32.77777778,46.66666667,8,5,6,10,8
94.78947368,32.77777778,52.22222222,8,5,6,10,8
94.78947368,32.77777778,57.77777778,8,5,6,10,8
94.78947368,32.77777778,63.33333333,8,5,6,10,8
94.78947368,32.77777778,68.88888889,8,5,6,10,8
94.78947368,32.77777778,74.44444444,8,5,6,10,8
94.78947368,32.77777778,80,8,5,6,10,8
94.78947368,35,30,7,4,5,9,7
94.78947368,35,35.55555556,7,4,5,9,7
94.78947368,35,41.11111111,7,4,5,9,7
94.78947368,35,46.66666667,7,4,5,9,7
94.78947368,35,52.22222222,7,4,5,9,7
94.78947368,35,57.77777778,7,4,5,9,7
94.78947368,35,63.33333333,7,4,5,9,7
94.78947368,35,68.88888889,7,4,5,9,7
94.78947368,35,74.44444444,7,4,5,9,7
94.78947368,35,80,7,4,5,9,7
100,15,30,12,9,10,14,12
100,15,35.55555556,12,9,10,14,12
100,15,41.11111111,12,9,10,14,12
100,15,46.66666667,12,9,10,14,12
100,15,52.22222222,12,9,10,14,12
100,15,57.77777778,12,9,10,14,12
100,15,63.33333333,12,9,10,14,12
100,15,68.88888889,12,9,10,14,12
100,15,74.44444444,12,9,10,14,12
100,15,80,12,9,10,14,12
100,17.22222222,30,11,8,9,13,11
100,17.22222222,35.55555556,11,8,9,13,11
100,17.22222222,41.11111111,11,8,9,13,11
100,17.22222222,46.66666667,11,8,9,13,11
100,17.22222222,52.22222222,11,8,9,13,11
100,17.22222222,57.77777778,11,8,9,13,11
100,17.22222222,63.33333333,11,8,9,13,11
100,17.22222222,68.88888889,11,8,9,13,11
100,17.22222222,74.44444444,11,8,9,13,11
100,17.22222222,80,11,8,9,13,11
100,19.44444444,30,11,8,9,13,11
100,19.44444444,35.55555556,11,8,9,13,11
100,19.44444444,41.11111111,11,8,9,13,11
100,19.44444444,46.66666667,11,8,9,13,11
100,19.44444444,52.22222222,11,8,9,13,11
100,19.44444444,57.77777778,11,8,9,13,11
100,19.44444444,63.33333333,11,8,9,13,11
100,19.44444444,68.88888889,11,8,9,13,11
100,19.44444444,74.44444444,11,8,9,13,11
100,19.44444444,80,11,8,9,13,11
100,21.66666667,30,10,7,8,12,10
100,21.66666667,35.55555556,10,7,8,12,10
100,21.66666667,41.11111111,10,7,8,12,10
100,21.66666667,46.66666667,10,7,8,12,10
100,21.66666667,52.22222222,10,7,8,12,10
100,21.66666667,57.77777778,10,7,8,12,10
100,21.66666667,63.33333333,10,7,8,12,10
100,21.66666667,68.88888889,10,7,8,12,10
100,21.66666667,74.44444444,10,7,8,12,10
100,21.66666667,80,10,7,8,12,10
100,23.88888889,30,10,7,8,12,10
100,23.88888889,35.55555556,10,7,8,12,10
100,23.88888889,41.11111111,10,7,8,12,10
100,23.88888889,46.66666667,10,7,8,12,10
100,23.88888889,52.22222222,10,7,8,12,10
100,23.88888889,57.77777778,10,7,8,12,10
100,23.88888889,63.33333333,10,7,8,12,10
100,23.88888889,68.88888889,10,7,8,12,10
100,23.88888889,74.44444444,10,7,8,12,10
100,23.88888889,80,10,7,8,12,10
100,26.11111111,30,10,7,8,12,10
100,26.11111111,35.55555556,10,7,8,12,10
100,26.11111111,41.11111111,10,7,8,12,10
100,26.11111111,46.66666667,10,7,8,12,10
100,26.11111111,52.22222222,10,7,8,12,10
100,26.11111111,57.77777778,10,7,8,12,10
100,26.11111111,63.33333333,10,7,8,12,10
100,26.11111111,68.88888889,10,7,8,12,10
100,26.11111111,74.44444444,10,7,8,12,10
100,26.11111111,80,10,7,8,12,10
100,28.33333333,30,10,7,8,12,10
100,28.33333333,35.55555556,10,7,8,12,10
100,28.33333333,41.11111111,10,7,8,12,10
100,28.33333333,46.66666667,10,7,8,12,10
100,28.33333333,52.22222222,10,7,8,12,10
100,28.33333333,57.77777778,10,7,8,12,10
100,28.33333333,63.33333333,10,7,8,12,10
100,28.33333333,68.88888889,10,7,8,12,10
100,28.33333333,74.44444444,10,7,8,12,10
100,28.33333333,80,10,7,8,12,10
100,30.55555556,30,9,6,7,11,9
100,30.55555556,35.55555556,9,6,7,11,9
100,30.55555556,41.11111111,9,6,7,11,9
100,30.55555556,46.66666667,9,6,7,11,9
100,30.55555556,52.22222222,9,6,7,11,9
100,30.55555556,57.77777778,9,6,7,11,9
100,30.55555556,63.33333333,9,6,7,11,9
100,30.55555556,68.88888889,9,6,7,11,9
100,30.55555556,74.44444444,9,6,7,11,9
100,30.55555556,80,9,6,7,11,9
100,32.77777778,30,9,6,7,11,9
100,32.77777778,35.55555556,9,6,7,11,9
100,32.77777778,41.11111111,9,6,7,11,9
100,32.77777778,46.66666667,9,6,7,11,9
100,32.77777778,52.22222222,9,6,7,11,9
100,32.77777778,57.77777778,9,6,7,11,9
100,32.77777778,63.33333333,9,6,7,11,9
100,32.77777778,68.88888889,9,6,7,11,9
100,32.77777778,74.44444444,9,6,7,11,9
100,32.77777778,80,9,6,7,11,9
100,35,30,8,5,6,10,8
100,35,35.55555556,8,5,6,10,8
100,35,41.11111111,8,5,6,10,8
100,35,46.66666667,8,5,6,10,8
100,35,52.22222222,8,5,6,10,8
100,35,57.77777778,8,5,6,10,8
100,35,63.33333333,8,5,6,10,8
100,35,68.88888889,8,5,6,10,8
100,35,74.44444444,8,5,6,10,8
100,35,80,8,5,6,10,8
